,datetime,team2,team1_code,team2_code,round,score1,score2,adj_score1,adj_score2,xG_Shot_Home,xG_Shot_Away,xG_Non-Shot_Home,xG_Non-Shot_Away,group,matchday
0,13-Sep-2016,Celtic,BAR,CEL,g,7,0,6.772,0,3.822,0.785,3.875,0.053,C,1
1,13-Sep-2016,Rostov,BMU,ROS,g,5,0,4.737,0,3.312,0.209,2.255,0.857,D,1
2,13-Sep-2016,Napoli,KIEV,NAP,g,1,2,1.05,2.1,0.459,1.425,0.481,0.644,B,1
3,13-Sep-2016,Besiktas,BEN,BES,g,1,1,1.05,1.05,1.449,0.716,1.169,1.024,B,1
4,13-Sep-2016,Arsenal,PSG,ARS,g,1,1,1.05,1.05,2.592,0.719,1.807,2.302,A,1
5,13-Sep-2016,Ludogorets,BAS,LUD,g,1,1,1.05,1.05,0.807,0.492,1.24,0.384,A,1
6,13-Sep-2016,Atletico Madrid,PSV,ATL,g,0,1,0,1.05,1.384,1.234,1.829,1.805,D,1
7,14-Sep-2016,Leicester City,CBKV,LEI,g,0,3,0,3.15,0.875,2.163,1.156,1.055,G,1
8,14-Sep-2016,AS Monaco,TOT,MON,g,1,2,1.05,2.1,1.22,0.783,1.349,0.416,E,1
9,14-Sep-2016,Borussia Monchengladbach,MNC,MGB,g,4,0,3.494,0,4.828,0.218,2.71,1.244,C,1
10,14-Sep-2016,Sevilla FC,JUV,SEV,g,0,0,0,0,1.402,0.071,2.111,0.247,H,1
11,14-Sep-2016,Borussia Dortmund,WAR,DOR,g,0,6,0,5.732,0.322,5.988,1.005,3.128,F,1
12,14-Sep-2016,Sporting CP,MAD,SCP,g,2,1,2.1,1.05,1.594,0.305,1.149,0.636,F,1
13,14-Sep-2016,CSKA Moscow,LEV,CSKA,g,2,2,2.1,2.1,1.381,0.945,2.206,1.605,E,1
14,14-Sep-2016,FC Copenhagen,POR,COP,g,1,1,1.05,1.05,0.431,0.567,1.492,0.802,G,1
15,14-Sep-2016,Dinamo Zagreb,LYON,DIN,g,3,0,3.15,0,1.578,1.433,1.755,1.186,H,1
16,27-Sep-2016,Juventus,DIN,JUV,g,0,4,0,3.817,0.137,1.887,0.17,2.075,H,2
17,27-Sep-2016,Club Brugge,COP,CBKV,g,4,0,3.675,0,2.122,0.28,1.756,0.508,G,2
18,27-Sep-2016,FC Porto,LEI,POR,g,1,0,1.05,0,0.746,0.63,0.827,1.155,G,2
19,27-Sep-2016,Real Madrid,DOR,MAD,g,2,2,2.1,2.1,1.834,2.599,1.745,1.662,F,2
20,27-Sep-2016,Legia Warsaw,SCP,WAR,g,2,0,2.1,0,1.965,0.239,2.126,0.558,F,2
21,27-Sep-2016,Tottenham Hotspur,CSKA,TOT,g,0,1,0,1.05,0.456,1.893,1.144,2.424,E,2
22,27-Sep-2016,Bayer Leverkusen,MON,LEV,g,1,1,1.05,1.05,0.309,0.888,1.105,0.644,E,2
23,27-Sep-2016,Lyon,SEV,LYON,g,1,0,1.05,0,3.242,0.657,1.737,1.362,H,2
24,28-Sep-2016,Basel,ARS,BAS,g,2,0,2.1,0,2.797,0.618,3.055,0.825,A,2
25,28-Sep-2016,Manchester City,CEL,MNC,g,3,3,3.15,3.15,0.944,2.243,0.762,2.005,C,2
26,28-Sep-2016,Benfica,NAP,BEN,g,4,2,4.2,2.1,2.66,1.537,1.151,0.634,B,2
27,28-Sep-2016,Bayern Munich,ATL,BMU,g,1,0,1.05,0,1.843,0.984,1.149,1.876,D,2
28,28-Sep-2016,Barcelona,MGB,BAR,g,1,2,1.05,2.1,0.855,1.485,0.784,2.156,C,2
29,28-Sep-2016,Dynamo Kiev,BES,KIEV,g,1,1,1.05,1.05,0.706,1.128,0.81,0.74,B,2
30,28-Sep-2016,PSV,ROS,PSV,g,2,2,2.1,2.1,0.737,1.875,1.484,2.201,D,2
31,28-Sep-2016,Paris Saint-Germain,LUD,PSG,g,1,3,1.05,3.15,1.045,2.329,0.354,2.005,A,2
32,18-Oct-2016,FC Porto,CBKV,POR,g,1,2,1.05,2.1,0.891,2.088,1.328,1.894,G,3
33,18-Oct-2016,Sevilla FC,DIN,SEV,g,0,1,0,1.05,0.116,2.001,0.176,1.446,H,3
34,18-Oct-2016,FC Copenhagen,LEI,COP,g,1,0,1.05,0,0.892,0.512,1.175,1.153,G,3
35,18-Oct-2016,Legia Warsaw,MAD,WAR,g,5,1,4.886,1.05,3.388,1.497,3.659,0.808,F,3
36,18-Oct-2016,Tottenham Hotspur,LEV,TOT,g,0,0,0,0,2.16,0.742,1.535,0.699,E,3
37,18-Oct-2016,Borussia Dortmund,SCP,DOR,g,1,2,1.05,2.1,0.79,0.983,1.711,1.153,F,3
38,18-Oct-2016,AS Monaco,CSKA,MON,g,1,1,1.05,1.05,1.236,1.544,0.858,1.844,E,3
39,18-Oct-2016,Juventus,LYON,JUV,g,0,1,0,1.05,1.955,0.863,1.228,1.545,H,3
40,19-Oct-2016,Ludogorets,ARS,LUD,g,6,0,5.549,0,2.134,0.418,2.231,0.823,A,3
41,19-Oct-2016,Borussia Monchengladbach,CEL,MGB,g,0,2,0,1.932,0.617,1.033,1.195,1.467,C,3
42,19-Oct-2016,Besiktas,NAP,BES,g,2,3,2.1,3.15,3.769,1.376,1.522,0.691,B,3
43,19-Oct-2016,Manchester City,BAR,MNC,g,4,0,3.707,0,3.576,1.217,1.869,0.995,C,3
44,19-Oct-2016,PSV,BMU,PSV,g,4,1,3.845,1.05,4.134,1.675,3.297,1.017,D,3
45,19-Oct-2016,Benfica,KIEV,BEN,g,0,2,0,2.1,1.738,1.618,0.993,0.789,B,3
46,19-Oct-2016,Atletico Madrid,ROS,ATL,g,0,1,0,1.05,0.088,1.949,0.556,1.651,D,3
47,19-Oct-2016,Basel,PSG,BAS,g,3,0,2.625,0,2.547,1.304,1.428,0.924,A,3
48,1-Nov-2016,Napoli,BES,NAP,g,1,1,1.05,1.05,1.286,1.463,0.429,1.535,B,4
49,1-Nov-2016,Barcelona,MNC,BAR,g,3,1,3.055,1.05,2.004,1.881,1.701,1.922,C,4
50,1-Nov-2016,Rostov,ATL,ROS,g,2,1,2.1,1.05,2.056,0.431,2.97,0.116,D,4
51,1-Nov-2016,Celtic,MGB,CEL,g,1,1,1.05,1.05,1.805,1.369,1.888,0.909,C,4
52,1-Nov-2016,Dynamo Kiev,BEN,KIEV,g,1,0,1.05,0,1.643,1.186,1.154,0.838,B,4
53,1-Nov-2016,Paris Saint-Germain,BAS,PSG,g,1,2,1.05,2.1,0.687,2.432,0.608,2.236,A,4
54,1-Nov-2016,Bayern Munich,PSV,BMU,g,1,2,1.05,2.1,0.919,4.691,0.568,3.643,D,4
55,1-Nov-2016,Arsenal,LUD,ARS,g,2,3,2.1,3.15,1.616,1.985,0.593,2.219,A,4
56,2-Nov-2016,Leicester City,COP,LEI,g,0,0,0,0,1.872,0.449,1.218,0.608,G,4
57,2-Nov-2016,Bayer Leverkusen,TOT,LEV,g,0,1,0,1.05,0.482,1.172,0.777,1.452,E,4
58,2-Nov-2016,Lyon,JUV,LYON,g,1,1,1.05,1.05,1.599,1.124,0.903,1.152,H,4
59,2-Nov-2016,Real Madrid,WAR,MAD,g,3,3,3.15,3.15,0.526,2.527,0.957,3.587,F,4
60,2-Nov-2016,Sporting CP,DOR,SCP,g,1,0,1.05,0,1.137,1.328,1.401,0.906,F,4
61,2-Nov-2016,Club Brugge,POR,CBKV,g,1,0,1.05,0,0.957,0.419,1.275,1.161,G,4
62,2-Nov-2016,CSKA Moscow,MON,CSKA,g,3,0,3.15,0,3.179,0.42,2.628,0.744,E,4
63,2-Nov-2016,Dinamo Zagreb,SEV,DIN,g,4,0,3.514,0,2.784,0.089,3.399,0.168,H,4
64,22-Nov-2016,Bayer Leverkusen,CSKA,LEV,g,1,1,1.05,1.05,1.757,1.266,1.973,1.728,E,5
65,22-Nov-2016,Lyon,DIN,LYON,g,0,1,0,1.05,0.335,2.034,0.54,1.271,H,5
66,22-Nov-2016,FC Porto,COP,POR,g,0,0,0,0,0.46,1.861,1.102,1.412,G,5
67,22-Nov-2016,Club Brugge,LEI,CBKV,g,2,1,2.1,1.05,2.086,0.266,1.211,1.451,G,5
68,22-Nov-2016,Legia Warsaw,DOR,WAR,g,8,4,7.599,4.2,4.788,1.74,3.153,1.309,F,5
69,22-Nov-2016,Real Madrid,SCP,MAD,g,1,2,1.05,2.1,1.203,0.858,1.007,1.269,F,5
70,22-Nov-2016,Tottenham Hotspur,MON,TOT,g,2,1,2.1,1.05,2.946,1.048,1.482,0.824,E,5
71,22-Nov-2016,Juventus,SEV,JUV,g,1,3,1.05,2.625,0.227,1.176,0.984,1.199,H,5
72,23-Nov-2016,Bayern Munich,ROS,BMU,g,3,2,3.15,2.1,1.519,1.367,0.758,2.362,D,5
73,23-Nov-2016,Benfica,BES,BEN,g,3,3,3.15,3.15,1.857,2.613,0.782,0.956,B,5
74,23-Nov-2016,Paris Saint-Germain,ARS,PSG,g,2,2,2.1,2.1,0.96,1.699,1.23,1.294,A,5
75,23-Nov-2016,Barcelona,CEL,BAR,g,0,2,0,2.1,0.725,3.243,1.056,3.337,C,5
76,23-Nov-2016,Dynamo Kiev,NAP,KIEV,g,0,0,0,0,0.747,0.178,1.27,0.031,B,5
77,23-Nov-2016,PSV,ATL,PSV,g,2,0,2.1,0,1.097,0.125,1.335,0.187,D,5
78,23-Nov-2016,Manchester City,MGB,MNC,g,1,1,1.05,1.05,0.635,1.284,0.391,1.942,C,5
79,23-Nov-2016,Basel,LUD,BAS,g,0,0,0,0,0.139,0.527,0.432,1.028,A,5
80,6-Dec-2016,Celtic,MNC,CEL,g,1,1,1.05,1.05,0.701,1.604,1.188,0.813,C,6
81,6-Dec-2016,Borussia Monchengladbach,BAR,MGB,g,4,0,4.2,0,2.878,0.027,3.171,0.626,C,6
82,6-Dec-2016,Atletico Madrid,BMU,ATL,g,1,0,1.05,0,1.25,0.274,1.722,0.842,D,6
83,6-Dec-2016,Besiktas,KIEV,BES,g,6,0,6.125,0,3.496,0.284,1.259,0.641,B,6
84,6-Dec-2016,Napoli,BEN,NAP,g,1,2,1.05,1.884,1.576,1.832,1.403,1.474,B,6
85,6-Dec-2016,Ludogorets,PSG,LUD,g,2,2,2.1,2.1,2.379,1.024,2.15,0.579,A,6
86,6-Dec-2016,Arsenal,BAS,ARS,g,1,4,1.05,4.2,1.346,2.12,1.811,1.404,A,6
87,6-Dec-2016,Rostov,PSV,ROS,g,0,0,0,0,1.016,0.464,2.454,0.743,D,6
88,7-Dec-2016,FC Copenhagen,CBKV,COP,g,0,2,0,2.1,0.31,0.804,1.338,1.477,G,6
89,7-Dec-2016,CSKA Moscow,TOT,CSKA,g,3,1,2.97,1.05,3.249,0.855,2.921,0.652,E,6
90,7-Dec-2016,Dinamo Zagreb,JUV,DIN,g,2,0,2.036,0,1.375,0.099,2.017,0.33,H,6
91,7-Dec-2016,Sporting CP,WAR,SCP,g,1,0,1.05,0,1.749,1.564,0.92,2.16,F,6
92,7-Dec-2016,Borussia Dortmund,MAD,DOR,g,2,2,2.1,2.1,3.606,2.052,1.784,1.452,F,6
93,7-Dec-2016,AS Monaco,LEV,MON,g,3,0,2.859,0,2.022,0.695,0.989,1.581,E,6
94,7-Dec-2016,Leicester City,POR,LEI,g,5,0,5.082,0,2.566,0.332,1.613,0.56,G,6
95,7-Dec-2016,Sevilla FC,LYON,SEV,g,0,0,0,0,1.448,0.246,2.073,0.217,H,6
96,14-Feb-2017,Borussia Dortmund,BEN,DOR,k,1,0,1.05,0,0.655,2.755,0.392,1.842,,
97,14-Feb-2017,Barcelona,PSG,BAR,k,4,0,4.175,0,1.451,0.991,1.766,1.266,,
98,15-Feb-2017,Napoli,MAD,NAP,k,3,1,3.15,1.05,1.643,0.845,2.936,0.849,,
99,15-Feb-2017,Arsenal,BMU,ARS,k,5,1,4.786,1.05,2.656,1.197,2.467,0.976,,
100,21-Feb-2017,AS Monaco,MNC,MON,k,5,3,4.941,3.15,2.757,2.819,2.119,1.056,,
101,21-Feb-2017,Atletico Madrid,LEV,ATL,k,2,4,2.1,3.787,0.856,2.808,1.352,1.574,,
102,22-Feb-2017,Juventus,POR,JUV,k,0,2,0,2.006,0.138,1.28,0.332,2.575,,
103,22-Feb-2017,Leicester City,SEV,LEI,k,2,1,2.1,1.05,2.457,0.665,1.925,0.589,,
104,7-Mar-2017,Bayern Munich,ARS,BMU,k,1,5,1.05,4.445,0.645,3.65,1.349,1.726,,
105,7-Mar-2017,Real Madrid,NAP,MAD,k,1,3,1.05,2.625,0.917,1.989,0.809,2.021,,
106,8-Mar-2017,Paris Saint-Germain,BAR,PSG,k,6,1,4.793,1.05,3.104,1.52,2.211,0.495,,
107,8-Mar-2017,Benfica,DOR,BEN,k,4,0,3.815,0,2.275,0.425,1.785,0.516,,
108,14-Mar-2017,Sevilla FC,LEI,SEV,k,2,0,2.1,0,1.531,1.329,1.086,1.923,,
109,14-Mar-2017,FC Porto,JUV,POR,k,1,0,1.05,0,2.411,0.513,3.387,0.332,,
110,15-Mar-2017,Bayer Leverkusen,ATL,LEV,k,0,0,0,0,0.882,1.997,1.27,1.812,,
111,15-Mar-2017,Manchester City,MON,MNC,k,3,1,2.981,1.05,1.672,1.32,0.833,0.959,,
112,11-Apr-2017,Barcelona,JUV,BAR,q,3,0,3.15,0,0.934,1.418,1.188,2.503,,
113,12-Apr-2017,AS Monaco,DOR,MON,q,2,3,2.1,2.927,2.192,2.032,2.189,0.83,,
114,12-Apr-2017,Leicester City,ATL,LEI,q,1,0,1.05,0,1.229,0.196,1.956,0.355,,
115,12-Apr-2017,Real Madrid,BMU,MAD,q,1,2,1.05,2.1,1.521,2.117,1.892,3.692,,
116,18-Apr-2017,Atletico Madrid,LEI,ATL,q,1,1,1.05,1.05,1.822,0.154,1.513,0.715,,
117,18-Apr-2017,Bayern Munich,MAD,BMU,q,4,2,3.675,2.1,3.052,2.931,2.981,2.455,,
118,19-Apr-2017,Juventus,BAR,JUV,q,0,0,0,0,1.599,0.82,4.66,0.838,,
119,19-Apr-2017,Borussia Dortmund,MON,DOR,q,3,1,2.864,1.05,2.496,1.349,1.787,1.509,,
120,2-May-2017,Atletico Madrid,MAD,ATL,s,3,0,2.682,0,2.661,0.195,1.637,0.53,,
121,3-May-2017,Juventus,MON,JUV,s,0,2,0,2.1,1.958,1.098,1.313,1.449,,
122,9-May-2017,AS Monaco,JUV,MON,s,2,1,2.1,1.05,2.095,0.991,1.975,0.861,,
123,10-May-2017,Real Madrid,ATL,MAD,s,2,1,2.1,1.05,1.717,2.073,1.174,2.139,,
124,3-Jun-2017,Real Madrid,JUV,MAD,f,1,4,1.05,3.679,0.432,2.08,1.193,1.866,,
125,12-Sep-2017,FK Qarabag,CHE,QBG,g,6,0,6,0,6,0,6,0,C,1
126,12-Sep-2017,Basel,MAN,BAS,g,3,0,2.798,0,3.187,0.532,2.166,0.54,A,1
127,12-Sep-2017,Paris Saint-Germain,CEL,PSG,g,0,5,0,4.549,0.267,2.407,0.492,2.14,B,1
128,12-Sep-2017,Atletico Madrid,ROM,ATL,g,0,0,0,0,0.473,2.495,1.119,2.017,C,1
129,12-Sep-2017,Juventus,BAR,JUV,g,3,0,3.15,0,1.241,0.702,1.104,1.142,D,1
130,12-Sep-2017,Anderlecht,BMU,RSCA,g,3,0,2.105,0,4.052,0.861,3.623,0.601,B,1
131,12-Sep-2017,Sporting CP,OLY,SCP,g,2,3,2.1,3.15,1.249,2.298,1.412,0.744,D,1
132,12-Sep-2017,CSKA Moscow,BEN,CSKA,g,1,2,1.05,2.1,1.528,1.768,2.169,1.179,A,1
133,13-Sep-2017,Sevilla FC,LIV,SEV,g,2,2,2.1,1.68,2.499,1.267,2.332,0.74,E,1
134,13-Sep-2017,Borussia Dortmund,TOT,DOR,g,3,1,3.15,0.84,1.459,1.093,0.776,1.095,H,1
135,13-Sep-2017,Apoel Nicosia,MAD,NIC,g,3,0,3.15,0,4.514,0.192,2.534,0.263,H,1
136,13-Sep-2017,Spartak Moscow,MAR,SPM,g,1,1,1.05,1.05,0.958,1.396,1.369,1.804,E,1
137,13-Sep-2017,Napoli,SHK,NAP,g,2,1,2.1,1.05,1.523,1.725,0.476,1.593,F,1
138,13-Sep-2017,Besiktas,POR,BES,g,1,3,1.05,2.755,1.585,0.85,2.616,0.787,G,1
139,13-Sep-2017,Manchester City,FEY,MNC,g,0,4,0,4.2,0.268,1.58,0.275,1.354,F,1
140,13-Sep-2017,AS Monaco,RBL,MON,g,1,1,1.05,1.05,0.93,1.351,0.51,0.892,G,1
141,26-Sep-2017,Tottenham Hotspur,NIC,TOT,g,0,3,0,3.15,1.018,2.165,1.117,0.717,H,2
142,26-Sep-2017,Shakhtar Donetsk,MNC,SHK,g,2,0,1.599,0,3.36,0.499,1.51,0.42,F,2
143,26-Sep-2017,Feyenoord,NAP,FEY,g,3,1,3.15,1.05,1.097,1.497,1.088,0.487,F,2
144,26-Sep-2017,Real Madrid,DOR,MAD,g,1,3,1.05,2.925,1.223,3.399,1.584,1.803,H,2
145,26-Sep-2017,RB Leipzig,BES,RBL,g,2,0,2.1,0,0.835,1.082,0.777,1.311,G,2
146,26-Sep-2017,Liverpool,SPM,LIV,g,1,1,1.05,1.05,0.118,2.618,0.245,2.177,E,2
147,26-Sep-2017,FC Porto,MON,POR,g,0,3,0,2.658,0.696,3.753,1.376,2.159,G,2
148,26-Sep-2017,NK Maribor,SEV,MAR,g,3,0,2.82,0,3.847,0.286,3.541,0.317,E,2
149,27-Sep-2017,AS Roma,QBG,ROM,g,1,2,1.05,2.1,0.751,1.788,0.708,2.031,C,2
150,27-Sep-2017,Celtic,RSCA,CEL,g,0,3,0,2.625,0.518,1.145,1.203,0.549,B,2
151,27-Sep-2017,Olympiacos,JUV,OLY,g,2,0,1.859,0,2.752,0.362,2.532,0.549,D,2
152,27-Sep-2017,Chelsea,ATL,CHE,g,1,2,1.05,2.1,1.459,2.293,0.439,2.103,C,2
153,27-Sep-2017,Barcelona,SCP,BAR,g,0,1,0,1.05,0.478,0.797,1.071,1.635,D,2
154,27-Sep-2017,Manchester United,CSKA,MAN,g,1,4,1.05,4.2,0.514,3.832,0.937,1.915,A,2
155,27-Sep-2017,Bayern Munich,PSG,BMU,g,3,0,3.15,0,1.994,1.052,1.05,2.301,B,2
156,27-Sep-2017,Benfica,BAS,BEN,g,5,0,4.074,0,3.148,0.579,0.699,0.795,A,2
157,17-Oct-2017,Borussia Dortmund,NIC,DOR,g,1,1,1.05,1.05,0.816,1.707,1.208,1.955,H,3
158,17-Oct-2017,Napoli,MNC,NAP,g,2,1,2.1,1.05,2.457,2.209,1.443,0.949,F,3
159,17-Oct-2017,Tottenham Hotspur,MAD,TOT,g,1,1,1.05,1.05,3.412,0.946,2.36,1.105,H,3
160,17-Oct-2017,Liverpool,MAR,LIV,g,0,7,0,6.423,0.376,4.014,0.641,3.53,E,3
161,17-Oct-2017,Sevilla FC,SPM,SEV,g,5,1,4.644,1.05,1.348,1.47,1.436,1.823,E,3
162,17-Oct-2017,Besiktas,MON,BES,g,1,2,1.05,2.1,0.669,1.415,1.189,1.028,G,3
163,17-Oct-2017,Shakhtar Donetsk,FEY,SHK,g,1,2,0.84,2.1,1.76,1.073,0.881,1.352,F,3
164,17-Oct-2017,FC Porto,RBL,POR,g,3,2,3.15,2.1,2.254,0.955,1.413,1.541,G,3
165,18-Oct-2017,Atletico Madrid,QBG,ATL,g,0,0,0,0,0.334,1.913,0.627,1.812,C,3
166,18-Oct-2017,Paris Saint-Germain,RSCA,PSG,g,0,4,0,3.741,1.09,3.449,0.966,1.879,B,3
167,18-Oct-2017,AS Roma,CHE,ROM,g,3,3,3.15,3.15,1.846,1.701,1.234,1.332,C,3
168,18-Oct-2017,Sporting CP,JUV,SCP,g,2,1,2.1,1.05,1.855,0.509,2.673,0.709,D,3
169,18-Oct-2017,Olympiacos,BAR,OLY,g,3,1,3.15,0.84,4.289,0.176,3.791,0.198,D,3
170,18-Oct-2017,Celtic,BMU,CEL,g,3,0,3.15,0,3.578,0.549,4.09,0.751,B,3
171,18-Oct-2017,Manchester United,BEN,MAN,g,0,1,0,0.84,1.144,0.453,0.972,0.695,A,3
172,18-Oct-2017,Basel,CSKA,BAS,g,0,2,0,1.577,0.375,1.066,1.663,0.819,A,3
173,31-Oct-2017,Benfica,MAN,BEN,g,2,0,1.9,0,2.829,1.044,1.322,0.918,A,4
174,31-Oct-2017,Bayern Munich,CEL,BMU,g,1,2,1.05,2.1,1.211,0.72,1.069,0.763,B,4
175,31-Oct-2017,Chelsea,ROM,CHE,g,3,0,3.15,0,1.405,1.438,1.12,1.827,C,4
176,31-Oct-2017,FK Qarabag,ATL,QBG,g,1,1,1.05,1.05,3.134,0.104,3.697,0.45,C,4
177,31-Oct-2017,Barcelona,OLY,BAR,g,0,0,0,0,0.307,2.452,0.44,2.118,D,4
178,31-Oct-2017,Juventus,SCP,JUV,g,1,1,1.05,1.05,0.521,1.843,0.726,2.341,D,4
179,31-Oct-2017,Anderlecht,PSG,RSCA,g,5,0,5.007,0,2.31,0.157,3.013,0.549,B,4
180,31-Oct-2017,CSKA Moscow,BAS,CSKA,g,1,2,1.05,2.1,0.9,1.183,0.98,1.598,A,4
181,1-Nov-2017,AS Monaco,BES,MON,g,1,1,1.05,1.05,1.222,1.146,1.461,1.052,G,4
182,1-Nov-2017,NK Maribor,LIV,MAR,g,3,0,2.636,0,3.399,0.235,4.374,0.333,E,4
183,1-Nov-2017,Real Madrid,TOT,MAD,g,3,1,3.15,1.05,2.28,2.862,1.238,1.843,H,4
184,1-Nov-2017,Manchester City,NAP,MNC,g,2,4,2.1,3.675,1.778,1.628,1.153,1.84,F,4
185,1-Nov-2017,Apoel Nicosia,DOR,NIC,g,1,1,1.05,1.05,2.359,0.578,3.372,0.312,H,4
186,1-Nov-2017,Feyenoord,SHK,FEY,g,3,1,3.15,1.05,2.912,0.834,1.923,0.7,F,4
187,1-Nov-2017,RB Leipzig,POR,RBL,g,3,1,2.625,1.05,1.56,0.385,1.122,0.562,G,4
188,1-Nov-2017,Spartak Moscow,SEV,SPM,g,2,1,2.1,1.05,1.093,1.092,1.445,0.664,E,4
189,21-Nov-2017,FC Porto,BES,POR,g,1,1,1.05,1.05,0.89,0.711,0.617,0.645,G,5
190,21-Nov-2017,NK Maribor,SPM,MAR,g,1,1,1.05,1.05,1.458,1.23,2.188,0.91,E,5
191,21-Nov-2017,Real Madrid,NIC,MAD,g,0,6,0,6.3,0.414,3.789,0.667,2.468,H,5
192,21-Nov-2017,Feyenoord,MNC,FEY,g,1,0,1.05,0,1.271,0.258,2.106,0.359,F,5
193,21-Nov-2017,Shakhtar Donetsk,NAP,SHK,g,3,0,2.55,0,1.856,0.464,1.24,1.311,F,5
194,21-Nov-2017,Tottenham Hotspur,DOR,TOT,g,1,2,1.05,2.1,0.868,1.585,1.471,1.54,H,5
195,21-Nov-2017,RB Leipzig,MON,RBL,g,1,4,1.05,4.2,0.591,1.413,1.438,0.748,G,5
196,21-Nov-2017,Liverpool,SEV,LIV,g,3,3,3.15,3.15,1.969,3.076,1.085,0.986,E,5
197,22-Nov-2017,Benfica,CSKA,BEN,g,2,0,2.1,0,1.036,0.956,1.315,1.272,A,5
198,22-Nov-2017,Chelsea,QBG,CHE,g,0,4,0,3.016,0.259,3.737,0.224,2.127,C,5
199,22-Nov-2017,Bayern Munich,RSCA,BMU,g,1,2,1.05,2.1,1.799,2.636,1.316,1.483,B,5
200,22-Nov-2017,Barcelona,JUV,BAR,g,0,0,0,0,0.6,0.511,1.269,1.042,D,5
201,22-Nov-2017,AS Roma,ATL,ROM,g,2,0,1.578,0,1.068,0.481,2.185,0.953,C,5
202,22-Nov-2017,Olympiacos,SCP,OLY,g,3,1,3.15,1.05,1.481,0.447,1.662,0.446,D,5
203,22-Nov-2017,Celtic,PSG,CEL,g,7,1,6.761,1.05,2.229,0.396,2.415,0.725,B,5
204,22-Nov-2017,Manchester United,BAS,MAN,g,1,0,1.05,0,0.959,1.394,0.213,2.021,A,5
205,5-Dec-2017,Atletico Madrid,CHE,ATL,g,1,1,1.05,1.05,2.847,0.921,2.46,0.915,C,6
206,5-Dec-2017,CSKA Moscow,MAN,CSKA,g,2,1,2.1,1.05,2.268,0.857,1.977,1.186,A,6
207,5-Dec-2017,Anderlecht,CEL,RSCA,g,0,1,0,1.05,0.732,0.787,1.189,0.829,B,6
208,5-Dec-2017,FK Qarabag,ROM,QBG,g,1,0,1.05,0,1.955,0.446,1.753,0.144,C,6
209,5-Dec-2017,Sporting CP,BAR,SCP,g,2,0,1.575,0,1.146,0.873,1.8,0.28,D,6
210,5-Dec-2017,Paris Saint-Germain,BMU,PSG,g,3,1,3.15,1.05,1.79,1.618,1.838,2.201,B,6
211,5-Dec-2017,Juventus,OLY,JUV,g,0,2,0,1.602,0.845,1.211,0.499,1.3,D,6
212,5-Dec-2017,Basel,BEN,BAS,g,0,2,0,2.1,1.483,1.467,2.428,0.58,A,6
213,6-Dec-2017,Spartak Moscow,LIV,SPM,g,7,0,6.823,0,4.197,0.63,2.266,1.099,E,6
214,6-Dec-2017,Apoel Nicosia,TOT,NIC,g,3,0,2.901,0,3.097,0.624,1.461,0.61,H,6
215,6-Dec-2017,Borussia Dortmund,MAD,DOR,g,3,2,3.15,2.1,3.023,2.208,3.187,1.49,H,6
216,6-Dec-2017,Sevilla FC,MAR,SEV,g,1,1,1.05,1.05,0.817,1.65,0.555,2.397,E,6
217,6-Dec-2017,Manchester City,SHK,MNC,g,2,1,2.1,1.05,1.198,1.635,0.821,2.288,F,6
218,6-Dec-2017,AS Monaco,POR,MON,g,5,2,4.793,2.1,1.642,1.63,1.488,0.841,G,6
219,6-Dec-2017,Napoli,FEY,NAP,g,2,1,2.1,1.05,0.446,1.309,0.771,1.029,F,6
220,6-Dec-2017,Besiktas,RBL,BES,g,1,2,1.05,1.89,2.248,2.232,3.151,1.565,G,6
221,13-Feb-2018,Tottenham Hotspur,JUV,TOT,k,2,2,2.1,2.1,2.531,1.341,1.303,1.461,,
222,13-Feb-2018,Manchester City,BAS,MNC,k,0,4,0,4.2,0.599,1.11,0.66,1.527,,
223,14-Feb-2018,Paris Saint-Germain,MAD,PSG,k,3,1,2.735,1.05,2.611,1.204,1.305,1.449,,
224,14-Feb-2018,Liverpool,POR,LIV,k,0,5,0,4.864,0.538,2.857,0.833,1.483,,
225,20-Feb-2018,Barcelona,CHE,BAR,k,1,1,1.05,1.05,0.487,0.706,0.671,1.314,,
226,20-Feb-2018,Besiktas,BMU,BES,k,5,0,3.668,0,5.187,0.302,4.209,0.499,,
227,21-Feb-2018,AS Roma,SHK,ROM,k,2,1,2.1,1.05,1.237,1.294,1.45,1.458,,
228,21-Feb-2018,Manchester United,SEV,MAN,k,0,0,0,0,2.053,0.641,1.854,1.088,,
229,6-Mar-2018,FC Porto,LIV,POR,k,0,0,0,0,1.572,0.601,1.321,0.562,,
230,6-Mar-2018,Real Madrid,PSG,MAD,k,1,2,1.05,1.89,1.274,2.374,1.419,2.114,,
231,7-Mar-2018,Juventus,TOT,JUV,k,1,2,1.05,2.1,1.846,1.433,2.909,0.466,,
232,7-Mar-2018,Basel,MNC,BAS,k,1,2,1.05,2.1,1.605,0.573,1.491,0.664,,
233,13-Mar-2018,Sevilla FC,MAN,SEV,k,1,2,1.05,1.913,2.004,1.562,2.349,1.738,,
234,13-Mar-2018,Shakhtar Donetsk,ROM,SHK,k,1,0,1.05,0,0.512,0.197,0.653,0.918,,
235,14-Mar-2018,Bayern Munich,BES,BMU,k,1,3,1.05,2.804,1.234,1.818,2.185,1.126,,
236,14-Mar-2018,Chelsea,BAR,CHE,k,3,0,3.15,0,0.806,0.651,1.553,1.389,,
237,3-Apr-2018,Real Madrid,JUV,MAD,q,0,3,0,2.913,1.546,3.253,1.843,2.492,,
238,3-Apr-2018,Bayern Munich,SEV,BMU,q,1,2,1.05,2.1,1.054,1.554,1.334,0.999,,
239,4-Apr-2018,Manchester City,LIV,MNC,q,3,0,3.15,0,1.675,0.661,0.884,1.524,,
240,4-Apr-2018,AS Roma,BAR,ROM,q,4,1,3.77,1.05,1.854,1.699,2.142,1.123,,
241,10-Apr-2018,Liverpool,MNC,LIV,q,1,2,1.05,2.1,1.393,0.775,2.15,1.338,,
242,10-Apr-2018,Barcelona,ROM,BAR,q,3,0,2.841,0,2.681,0.913,1.494,0.687,,
243,11-Apr-2018,Juventus,MAD,JUV,q,1,3,0.84,3.15,3.796,2.667,2.336,1.295,,
244,11-Apr-2018,Sevilla FC,BMU,SEV,q,0,0,0,0,1.333,0.44,1.585,1.473,,
245,24-Apr-2018,AS Roma,LIV,ROM,s,5,2,5.25,2.1,3.645,1.813,2.284,1.685,,
246,25-Apr-2018,Real Madrid,BMU,MAD,s,1,2,1.05,2.1,2.739,0.739,2.519,1.028,,
247,1-May-2018,Bayern Munich,MAD,BMU,s,2,2,2.1,2.1,2.095,4.17,1.333,3.274,,
248,2-May-2018,Liverpool,ROM,LIV,s,4,2,3.675,2.1,2.81,1.926,2.67,1.43,,
249,26-May-2018,Liverpool,MAD,LIV,f,3,1,2.816,1.05,2.136,1.831,1.097,1.159,,
250,18-Sep-2018,Tottenham Hotspur,INT,TOT,g,2,1,2.1,1.05,1.4,0.882,1.722,0.899,B,1
251,18-Sep-2018,PSV,BAR,PSV,g,4,0,3.483,0,2.034,0.669,2.524,0.4,B,1
252,18-Sep-2018,Borussia Dortmund,CBKV,DOR,g,0,1,0,1.05,0.511,0.946,0.833,1.726,A,1
253,18-Sep-2018,Paris Saint-Germain,LIV,PSG,g,3,2,3.15,2.1,2.377,1.201,1.927,0.711,C,1
254,18-Sep-2018,FC Porto,SCH,POR,g,1,1,1.05,1.05,0.886,2.374,0.906,0.886,D,1
255,18-Sep-2018,Lokomotiv Moscow,GAL,LOK,g,3,0,2.625,0,1.719,1.044,0.986,1.093,D,1
256,18-Sep-2018,Atletico Madrid,MON,ATL,g,1,2,1.05,2.1,0.703,0.94,0.701,1.229,A,1
257,18-Sep-2018,Napoli,RED,NAP,g,0,0,0,0,0.256,1.801,0.232,1.451,C,1
258,19-Sep-2018,AEK Athens,AJX,AEK,g,3,0,2.461,0,1.777,0.488,2.003,0.555,E,1
259,19-Sep-2018,TSG Hoffenheim,SHK,HOF,g,2,2,2.1,2.1,0.561,1.803,1.303,1.053,F,1
260,19-Sep-2018,Lyon,MNC,LYON,g,1,2,1.05,2.1,1.186,0.832,3.637,0.429,F,1
261,19-Sep-2018,AS Roma,MAD,ROM,g,3,0,2.625,0,3.577,0.566,3.796,1.059,G,1
262,19-Sep-2018,Juventus,VAL,JUV,g,0,2,0,2.1,1.901,4.179,2.899,0.806,H,1
263,19-Sep-2018,Manchester United,BSCY,MAN,g,0,3,0,3.15,1.468,2.179,1.216,1.313,H,1
264,19-Sep-2018,Bayern Munich,BEN,BMU,g,0,2,0,2.1,0.933,2.931,1.427,1.777,E,1
265,19-Sep-2018,CSKA Moscow,VPLZ,CSKA,g,2,2,2.1,2.1,0.998,1.474,1.039,1.614,G,1
266,2-Oct-2018,Young Boys,JUV,BSCY,g,3,0,3.15,0,3.343,0.236,1.615,0.668,H,2
267,2-Oct-2018,Manchester City,HOF,MNC,g,1,2,1.05,2.1,0.398,2.491,0.722,2.36,F,2
268,2-Oct-2018,Valencia,MAN,VAL,g,0,0,0,0,0.969,0.438,1.716,1.317,H,2
269,2-Oct-2018,Viktoria Plzen,ROM,VPLZ,g,5,0,4.659,0,2.604,0.328,1.928,0.612,G,2
270,2-Oct-2018,Ajax,BMU,AJX,g,1,1,1.05,1.05,2.103,1.605,2.714,1.791,E,2
271,2-Oct-2018,Benfica,AEK,BEN,g,2,3,1.68,3.15,2.519,1.218,1.142,0.71,E,2
272,2-Oct-2018,Real Madrid,CSKA,MAD,g,1,0,1.05,0,0.498,1.996,0.85,2.289,G,2
273,2-Oct-2018,Shakhtar Donetsk,LYON,SHK,g,2,2,2.1,2.1,2.352,1.09,1.632,1.072,F,2
274,3-Oct-2018,Schalke 04,LOK,SCH,g,0,1,0,1.05,0.804,1.255,0.699,1.043,D,2
275,3-Oct-2018,Red Star Belgrade,PSG,RED,g,6,1,6.025,1.05,5.564,0.194,3.953,0.155,C,2
276,3-Oct-2018,Barcelona,TOT,BAR,g,2,4,2.1,3.697,0.512,1.923,0.954,2.149,B,2
277,3-Oct-2018,Liverpool,NAP,LIV,g,1,0,1.05,0,1.962,0.173,1.148,0.708,C,2
278,3-Oct-2018,Club Brugge,ATL,CBKV,g,3,1,2.625,1.05,2.135,0.577,1.951,1.176,A,2
279,3-Oct-2018,AS Monaco,DOR,MON,g,3,0,2.598,0,2.794,0.548,2.052,1.305,A,2
280,3-Oct-2018,Galatasaray,POR,GAL,g,1,0,1.05,0,1.747,1.936,1.28,1.411,D,2
281,3-Oct-2018,Internazionale,PSV,INT,g,1,2,1.05,2.1,0.753,2.694,1.407,2.196,B,2
282,23-Oct-2018,Valencia,BSCY,VAL,g,1,1,1.05,1.05,1.928,0.556,1.644,1.738,H,3
283,23-Oct-2018,Bayern Munich,AEK,BMU,g,0,2,0,2.1,0.291,2.46,0.556,2.752,E,3
284,23-Oct-2018,Juventus,MAN,JUV,g,0,1,0,1.05,0.253,1.566,1.236,1.679,H,3
285,23-Oct-2018,Benfica,AJX,BEN,g,1,0,1.05,0,1.488,0.64,1.234,1.24,E,3
286,23-Oct-2018,CSKA Moscow,ROM,CSKA,g,3,0,3.15,0,2.156,0.726,2.267,1.31,G,3
287,23-Oct-2018,Viktoria Plzen,MAD,VPLZ,g,2,1,2.1,1.05,2.95,1.523,4.144,0.565,G,3
288,23-Oct-2018,Manchester City,SHK,MNC,g,0,3,0,3.15,1.227,2.663,1.12,2.11,F,3
289,23-Oct-2018,Lyon,HOF,LYON,g,3,3,3.15,3.15,4.072,1.48,2.83,1.004,F,3
290,24-Oct-2018,AS Monaco,CBKV,MON,g,1,1,1.05,1.05,1.549,0.444,1.824,1.187,A,3
291,24-Oct-2018,Tottenham Hotspur,PSV,TOT,g,2,2,1.89,2.1,0.982,2.539,0.496,1.947,B,3
292,24-Oct-2018,Red Star Belgrade,LIV,RED,g,4,0,3.963,0,4.926,0.528,2.556,0.617,C,3
293,24-Oct-2018,Internazionale,BAR,INT,g,2,0,1.769,0,2.365,1.199,2.515,0.81,B,3
294,24-Oct-2018,Atletico Madrid,DOR,ATL,g,4,0,3.311,0,2.004,0.591,1.254,2.1,A,3
295,24-Oct-2018,Schalke 04,GAL,SCH,g,0,0,0,0,0.559,2.206,0.477,1.744,D,3
296,24-Oct-2018,FC Porto,LOK,POR,g,1,3,1.05,3.15,2.353,1.335,1.05,1.395,D,3
297,24-Oct-2018,Napoli,PSG,NAP,g,2,2,2.1,2.1,1.16,1.545,1.638,1.119,C,3
298,6-Nov-2018,Club Brugge,MON,CBKV,g,0,4,0,3.815,1.179,1.571,1.136,0.073,A,4
299,6-Nov-2018,Liverpool,RED,LIV,g,2,0,2.1,0,0.782,2.492,0.672,2.66,C,4
300,6-Nov-2018,PSV,TOT,PSV,g,2,1,2.1,1.05,3.711,0.625,3.449,0.964,B,4
301,6-Nov-2018,Barcelona,INT,BAR,g,1,1,1.05,1.05,1.161,1.824,1.079,1.376,B,4
302,6-Nov-2018,Paris Saint-Germain,NAP,PSG,g,1,1,1.05,1.05,2.139,1.411,1.443,1.685,C,4
303,6-Nov-2018,Borussia Dortmund,ATL,DOR,g,2,0,1.856,0,2.149,0.522,1.145,1.075,A,4
304,6-Nov-2018,Galatasaray,SCH,GAL,g,2,0,2.1,0,1.572,0.641,0.94,0.443,D,4
305,6-Nov-2018,Lokomotiv Moscow,POR,LOK,g,4,1,3.675,1.05,1.371,0.693,1.392,1.923,D,4
306,7-Nov-2018,Shakhtar Donetsk,MNC,SHK,g,6,0,5.387,0,3.098,0.333,1.453,0.41,F,4
307,7-Nov-2018,Manchester United,JUV,MAN,g,1,2,1.05,2.1,2.416,0.643,2.654,1.086,H,4
308,7-Nov-2018,AEK Athens,BMU,AEK,g,2,0,2.077,0,2.784,0.434,2.133,0.345,E,4
309,7-Nov-2018,Ajax,BEN,AJX,g,1,1,1.05,1.05,1.41,1.217,1.506,0.839,E,4
310,7-Nov-2018,TSG Hoffenheim,LYON,HOF,g,2,2,2.1,2.1,2.827,1.824,1.943,2.119,F,4
311,7-Nov-2018,Real Madrid,VPLZ,MAD,g,0,5,0,5.25,0.448,1.695,1.156,2.545,G,4
312,8-Nov-2018,Young Boys,VAL,BSCY,g,3,1,3.15,1.05,1.741,0.764,1.107,0.869,H,4
313,8-Nov-2018,AS Roma,CSKA,ROM,g,1,2,1.05,1.89,1.103,2.207,0.788,1.709,G,4
314,27-Nov-2018,Ajax,AEK,AJX,g,0,2,0,1.645,0.373,2.026,0.563,1.528,E,5
315,27-Nov-2018,Viktoria Plzen,CSKA,VPLZ,g,1,2,1.05,2.1,1.994,2.396,1.424,1.54,G,5
316,27-Nov-2018,Young Boys,MAN,BSCY,g,1,0,1.05,0,1.379,0.638,2.08,0.666,H,5
317,27-Nov-2018,Real Madrid,ROM,MAD,g,0,2,0,2.1,2.274,1.868,1.562,2.347,G,5
318,27-Nov-2018,Valencia,JUV,VAL,g,1,0,1.05,0,1.614,0.37,1.979,0.904,H,5
319,27-Nov-2018,Benfica,BMU,BEN,g,5,1,5.093,1.05,2.092,0.432,1.739,0.441,E,5
320,27-Nov-2018,Manchester City,LYON,MNC,g,2,2,2.1,2.1,2.036,1.075,0.848,2.565,F,5
321,27-Nov-2018,Shakhtar Donetsk,HOF,SHK,g,2,3,2.1,2.94,1.173,1.488,1.461,1.238,F,5
322,28-Nov-2018,AS Monaco,ATL,MON,g,2,0,2.1,0,1.052,1.651,1.517,1.008,A,5
323,28-Nov-2018,Galatasaray,LOK,GAL,g,2,0,2.1,0,1.181,1.208,1.023,1.498,D,5
324,28-Nov-2018,Internazionale,TOT,INT,g,1,0,1.05,0,1.489,0.946,1.579,0.875,B,5
325,28-Nov-2018,Red Star Belgrade,NAP,RED,g,3,1,3.15,1.05,2.487,0.609,3.464,0.592,C,5
326,28-Nov-2018,Club Brugge,DOR,CBKV,g,0,0,0,0,1.255,0.271,2.182,0.647,A,5
327,28-Nov-2018,Schalke 04,POR,SCH,g,3,1,2.625,1.05,1.362,0.898,1.56,0.577,D,5
328,28-Nov-2018,Liverpool,PSG,LIV,g,2,1,2.1,1.05,2.121,1.355,0.853,1.16,C,5
329,28-Nov-2018,Barcelona,PSV,BAR,g,1,2,1.05,2.1,3.285,2.65,1.631,2.674,B,5
330,11-Dec-2018,Lokomotiv Moscow,SCH,LOK,g,1,0,1.05,0,1.994,0.629,2.031,0.41,D,6
331,11-Dec-2018,FC Porto,GAL,POR,g,2,3,2.1,3.15,4.433,1.705,1.717,0.692,D,6
332,11-Dec-2018,Atletico Madrid,CBKV,ATL,g,0,0,0,0,0.597,0.402,0.435,1.904,A,6
333,11-Dec-2018,Napoli,LIV,NAP,g,1,0,1.05,0,3.193,1.272,3.367,1.142,C,6
334,11-Dec-2018,PSV,INT,PSV,g,1,1,1.05,1.05,2.005,1.124,2.544,0.718,B,6
335,11-Dec-2018,Tottenham Hotspur,BAR,TOT,g,1,1,1.05,1.05,1.385,2.585,1.403,1.672,B,6
336,11-Dec-2018,Borussia Dortmund,MON,DOR,g,0,2,0,1.649,0.619,1.965,0.532,2.457,A,6
337,11-Dec-2018,Paris Saint-Germain,RED,PSG,g,1,4,1.05,3.588,0.474,3.046,0.73,1.402,C,6
338,12-Dec-2018,CSKA Moscow,MAD,CSKA,g,0,3,0,3.077,1.284,1.195,1.952,1.221,G,6
339,12-Dec-2018,AS Roma,VPLZ,ROM,g,2,1,2.1,1.05,1.847,1.085,1.363,1.681,G,6
340,12-Dec-2018,TSG Hoffenheim,MNC,HOF,g,2,1,2.1,1.05,4.036,1.451,2.839,1.107,F,6
341,12-Dec-2018,Bayern Munich,AJX,BMU,g,3,3,3.15,3.15,2.037,3.546,1.834,1.43,E,6
342,12-Dec-2018,Manchester United,VAL,MAN,g,2,1,2.1,1.05,1.49,1.719,1.572,1.663,H,6
343,12-Dec-2018,Juventus,BSCY,JUV,g,2,1,2.1,1.05,1.231,1.924,0.583,2.947,H,6
344,12-Dec-2018,Lyon,SHK,LYON,g,1,1,1.05,1.05,0.96,1.309,0.668,1.178,F,6
345,12-Dec-2018,AEK Athens,BEN,AEK,g,1,0,0.84,0,1.453,0.386,1.658,0.361,E,6
346,12-Feb-2019,Paris Saint-Germain,MAN,PSG,k,0,2,0,2.1,0.346,2.639,0.995,1.182,,
347,12-Feb-2019,FC Porto,ROM,POR,k,2,1,2.1,1.05,1.082,0.525,1.391,1.059,,
348,13-Feb-2019,Borussia Dortmund,TOT,DOR,k,3,0,3.15,0,2.328,0.29,1.143,0.976,,
349,13-Feb-2019,Real Madrid,AJX,MAD,k,1,2,1.05,2.1,1.991,1.273,2.165,1.059,,
350,19-Feb-2019,Bayern Munich,LIV,BMU,k,0,0,0,0,2.558,0.416,2.877,0.679,,
351,19-Feb-2019,Barcelona,LYON,BAR,k,0,0,0,0,0.303,2.253,0.943,3.844,,
352,20-Feb-2019,Juventus,ATL,JUV,k,2,0,2.1,0,1.597,0.792,1.359,1.213,,
353,20-Feb-2019,Manchester City,SCH,MNC,k,2,3,2.1,3.15,1.758,1.895,0.791,2.581,,
354,5-Mar-2019,Ajax,MAD,AJX,k,1,4,1.05,4.2,2.363,1.964,2.738,1.506,,
355,5-Mar-2019,Tottenham Hotspur,DOR,TOT,k,0,1,0,1.05,1.76,0.918,2.287,0.461,,
356,6-Mar-2019,AS Roma,POR,ROM,k,3,1,3.15,1.05,3.709,1.62,2.348,1.369,,
357,6-Mar-2019,Manchester United,PSG,MAN,k,1,3,1.05,3.15,1.472,2.035,2.34,0.624,,
358,12-Mar-2019,Schalke 04,MNC,SCH,k,7,0,7.35,0,3.139,0.076,2.426,0.198,,
359,12-Mar-2019,Atletico Madrid,JUV,ATL,k,3,0,3.15,0,2.767,0.462,2.325,0.766,,
360,13-Mar-2019,Lyon,BAR,LYON,k,5,1,5.25,1.05,4.274,0.691,3.333,1.063,,
361,13-Mar-2019,Liverpool,BMU,LIV,k,1,3,1.05,3.15,0.277,1.057,0.432,1.17,,
362,9-Apr-2019,FC Porto,LIV,POR,q,2,0,2.1,0,2.342,1.15,1.936,0.606,,
363,9-Apr-2019,Manchester City,TOT,MNC,q,1,0,1.05,0,0.802,1.413,0.974,0.992,,
364,10-Apr-2019,Barcelona,MAN,BAR,q,0,1,0,1.05,0.482,0.788,0.621,1.294,,
365,10-Apr-2019,Juventus,AJX,JUV,q,1,1,1.05,1.05,1.16,0.726,2.03,0.807,,
366,16-Apr-2019,Ajax,JUV,AJX,q,1,2,1.05,2.1,0.933,2.363,1.342,1.571,,
367,16-Apr-2019,Manchester United,BAR,MAN,q,3,0,3.15,0,1.474,0.29,2.218,0.674,,
368,17-Apr-2019,Tottenham Hotspur,MNC,TOT,q,4,3,4.2,3.15,2.343,0.827,2.832,0.726,,
369,17-Apr-2019,Liverpool,POR,LIV,q,1,4,1.05,4.2,1.029,3.265,1.952,1.63,,
370,30-Apr-2019,Ajax,TOT,AJX,s,0,1,0,1.05,0.603,0.899,2.282,1.269,,
371,1-May-2019,Liverpool,BAR,LIV,s,3,0,3.15,0,2.592,1.892,2.667,2.667,,
372,7-May-2019,Barcelona,LIV,BAR,s,4,0,4.2,0,2.785,1.276,1.424,2.262,,
373,8-May-2019,Tottenham Hotspur,AJX,TOT,s,2,3,2.1,3.15,1.521,3.991,1.602,2.669,,
374,1-Jun-2019,Liverpool,TOT,LIV,f,0,2,0,1.656,1.167,1.303,1.024,0.444,,
375,17-Sep-2019,Slavia Prague,INT,SSP,g,1,1,1.05,1.05,1.513,0.906,0.938,1.083,F,1
376,17-Sep-2019,Zenit St Petersburg,LYON,ZEN,g,1,1,1.05,1.05,1.526,1.203,0.781,1.285,G,1
377,17-Sep-2019,Valencia,CHE,VAL,g,0,1,0,1.05,3.108,0.884,2.443,0.724,H,1
378,17-Sep-2019,Genk,SAL,GENK,g,6,2,6.3,2.1,4.391,0.759,2.807,0.664,E,1
379,17-Sep-2019,Lille,AJX,LLE,g,3,0,3.15,0,1.585,1.972,2.309,1.45,H,1
380,17-Sep-2019,Liverpool,NAP,LIV,g,2,0,1.575,0,1.917,0.828,0.893,1.368,E,1
381,17-Sep-2019,Barcelona,DOR,BAR,g,0,0,0,0,3.916,0.442,1.739,1.869,F,1
382,17-Sep-2019,RB Leipzig,BEN,RBL,g,1,2,1.05,1.9,1.516,1.042,1.206,1.113,G,1
383,18-Sep-2019,Galatasaray,CBKV,GAL,g,0,0,0,0,1.431,0.609,1.051,1.099,A,1
384,18-Sep-2019,Tottenham Hotspur,OLY,TOT,g,2,2,2.1,2.1,1.621,1.551,1.151,1.057,B,1
385,18-Sep-2019,Atalanta,DIN,ATA,g,4,0,4.2,0,2.481,1.954,1.615,1.556,C,1
386,18-Sep-2019,Juventus,ATL,JUV,g,2,2,2.1,2.1,2.123,1.232,2.272,1.127,D,1
387,18-Sep-2019,Lokomotiv Moscow,LEV,LOK,g,1,2,1.05,2.1,1.317,0.889,2.449,0.634,D,1
388,18-Sep-2019,Red Star Belgrade,BMU,RED,g,3,0,2.37,0,3.771,0.23,5.053,0.557,B,1
389,18-Sep-2019,Manchester City,SHK,MNC,g,0,3,0,3.01,0.381,2.827,0.272,2.309,C,1
390,18-Sep-2019,Real Madrid,PSG,MAD,g,3,0,2.625,0,1.898,0.781,2.135,1.512,A,1
391,1-Oct-2019,Shakhtar Donetsk,ATA,SHK,g,1,2,1.05,2.1,2.917,1.153,2.041,1.341,C,2
392,1-Oct-2019,Club Brugge,MAD,CBKV,g,2,2,1.89,2.1,2.276,1.452,4.733,1.088,A,2
393,1-Oct-2019,Bayern Munich,TOT,BMU,g,2,7,2.1,6.13,2.08,1.532,1.174,1.42,B,2
394,1-Oct-2019,Dinamo Zagreb,MNC,DIN,g,2,0,1.575,0,3.404,0.068,5.716,0.247,C,2
395,1-Oct-2019,Bayer Leverkusen,JUV,LEV,g,3,0,2.678,0,1.4,0.539,1.556,0.866,D,2
396,1-Oct-2019,Paris Saint-Germain,GAL,PSG,g,0,1,0,1.05,0.506,2.825,1.474,1.89,A,2
397,1-Oct-2019,Atletico Madrid,LOK,ATL,g,0,2,0,2.1,1.281,2.823,0.867,2.223,D,2
398,1-Oct-2019,Olympiacos,RED,OLY,g,3,1,2.104,1.05,1.24,0.96,1.864,0.956,B,2
399,2-Oct-2019,Napoli,GENK,NAP,g,0,0,0,0,0.651,3.618,1.034,1.162,E,2
400,2-Oct-2019,Borussia Dortmund,SSP,DOR,g,0,2,0,1.624,1.233,0.959,0.854,1.273,F,2
401,2-Oct-2019,FC Salzburg,LIV,SAL,g,4,3,4.2,3.15,2.786,1.153,2.714,1.461,E,2
402,2-Oct-2019,Internazionale,BAR,INT,g,2,1,2.1,1.05,1.622,0.986,3.546,1.299,F,2
403,2-Oct-2019,Ajax,VAL,AJX,g,0,3,0,3.15,1.893,1.492,0.918,1.822,H,2
404,2-Oct-2019,Benfica,ZEN,BEN,g,3,1,2.958,1.05,1.822,1.266,1.473,1.345,G,2
405,2-Oct-2019,Chelsea,LLE,CHE,g,1,2,1.05,2.1,0.705,1.367,1.004,1.591,H,2
406,2-Oct-2019,Lyon,RBL,LYON,g,0,2,0,2.1,1.941,1.613,1.271,0.754,G,2
407,22-Oct-2019,Bayer Leverkusen,ATL,LEV,g,1,0,1.05,0,0.929,0.544,1.169,0.68,D,3
408,22-Oct-2019,Dinamo Zagreb,SHK,DIN,g,2,2,2.1,2.1,1.293,2.041,1.532,0.995,C,3
409,22-Oct-2019,Paris Saint-Germain,CBKV,PSG,g,0,5,0,4.697,0.335,4.072,0.875,1.417,A,3
410,22-Oct-2019,Red Star Belgrade,TOT,RED,g,5,0,5.213,0,4.343,0.552,2.573,1.057,B,3
411,22-Oct-2019,Atalanta,MNC,ATA,g,5,1,5.25,1.05,4.389,1.744,1.778,0.959,C,3
412,22-Oct-2019,Lokomotiv Moscow,JUV,LOK,g,2,1,2.1,1.05,2.67,0.787,2.757,0.263,D,3
413,22-Oct-2019,Real Madrid,GAL,MAD,g,0,1,0,1.05,0.975,2.237,1.612,2.778,A,3
414,22-Oct-2019,Bayern Munich,OLY,BMU,g,2,3,2.1,3.032,0.779,2.965,0.972,1.556,B,3
415,23-Oct-2019,Chelsea,AJX,CHE,g,0,1,0,1.05,0.369,1.796,1.337,1.291,H,3
416,23-Oct-2019,Zenit St Petersburg,RBL,ZEN,g,2,1,2.1,1.05,2.229,0.881,1.735,1.345,G,3
417,23-Oct-2019,Liverpool,GENK,LIV,g,1,4,1.05,3.605,1.291,2.429,0.497,2.537,E,3
418,23-Oct-2019,Napoli,SAL,NAP,g,2,3,2.1,3.15,2.278,1.065,1.94,0.803,E,3
419,23-Oct-2019,Borussia Dortmund,INT,DOR,g,2,0,1.62,0,1.875,0.328,0.663,0.882,F,3
420,23-Oct-2019,Lyon,BEN,LYON,g,2,1,2.1,1.05,0.555,1.437,1.015,1.094,G,3
421,23-Oct-2019,Valencia,LLE,VAL,g,1,1,0.84,1.05,1.907,0.654,2.824,0.708,H,3
422,23-Oct-2019,Barcelona,SSP,BAR,g,1,2,1.05,2.1,1.702,2.782,1.501,2.682,F,3
423,5-Nov-2019,Slavia Prague,BAR,SSP,g,0,0,0,0,2.46,0.224,2.078,0.875,F,4
424,5-Nov-2019,RB Leipzig,ZEN,RBL,g,0,2,0,2.1,0.791,1.058,1.055,1.425,G,4
425,5-Nov-2019,Ajax,CHE,AJX,g,4,4,3.78,4.2,4.875,1.011,2.136,0.648,H,4
426,5-Nov-2019,Genk,LIV,GENK,g,2,1,2.1,1.05,2.652,0.752,3.19,0.59,E,4
427,5-Nov-2019,FC Salzburg,NAP,SAL,g,1,1,1.05,1.05,3.062,1.638,1.892,1.495,E,4
428,5-Nov-2019,Lille,VAL,LLE,g,4,1,3.326,1.05,2.17,1.444,1.485,1.048,H,4
429,5-Nov-2019,Internazionale,DOR,INT,g,3,2,3.15,2.1,3.007,1.592,3.481,1.32,F,4
430,5-Nov-2019,Benfica,LYON,BEN,g,3,1,2.664,1.05,1.38,1.172,1.08,1.277,G,4
431,6-Nov-2019,Olympiacos,BMU,OLY,g,2,0,1.614,0,3.317,0.142,3.561,0.11,B,4
432,6-Nov-2019,Juventus,LOK,JUV,g,1,2,1.05,2.1,2.336,2.154,1.494,2.406,D,4
433,6-Nov-2019,Shakhtar Donetsk,DIN,SHK,g,3,3,2.653,3.15,1.947,2.706,1.18,1.076,C,4
434,6-Nov-2019,Manchester City,ATA,MNC,g,1,1,1.05,1.05,0.716,1.975,1.289,2.225,C,4
435,6-Nov-2019,Galatasaray,MAD,GAL,g,6,0,5.496,0,3.511,0.654,2.73,0.471,A,4
436,6-Nov-2019,Atletico Madrid,LEV,ATL,g,2,1,2.1,0.84,1.655,1.808,1.116,1.857,D,4
437,6-Nov-2019,Club Brugge,PSG,CBKV,g,1,0,1.05,0,2.326,2.098,1.638,1.422,A,4
438,6-Nov-2019,Tottenham Hotspur,RED,TOT,g,0,4,0,3.813,0.656,4.424,0.277,2.152,B,4
439,26-Nov-2019,Club Brugge,GAL,CBKV,g,1,1,1.05,1.05,1.182,1.07,0.458,1.15,A,5
440,26-Nov-2019,Bayer Leverkusen,LOK,LEV,g,0,2,0,2.1,0.973,0.664,0.708,0.978,D,5
441,26-Nov-2019,Olympiacos,TOT,OLY,g,4,2,4.032,2.1,2.622,0.911,1.724,0.848,B,5
442,26-Nov-2019,Shakhtar Donetsk,MNC,SHK,g,1,1,1.05,1.05,1.245,1.219,2.586,0.47,C,5
443,26-Nov-2019,Dinamo Zagreb,ATA,DIN,g,2,0,2.1,0,2.684,0.315,1.972,0.479,C,5
444,26-Nov-2019,Atletico Madrid,JUV,ATL,g,1,0,1.05,0,0.404,0.717,0.614,1.431,D,5
445,26-Nov-2019,Paris Saint-Germain,MAD,PSG,g,2,2,1.867,2.1,4.144,2.828,2.521,0.995,A,5
446,26-Nov-2019,Bayern Munich,RED,BMU,g,0,6,0,5.809,0.113,5.101,0.15,3.607,B,5
447,27-Nov-2019,Chelsea,VAL,CHE,g,2,2,2.1,2.1,3.15,2.263,2.083,2.193,H,5
448,27-Nov-2019,Lyon,ZEN,LYON,g,2,0,1.745,0,0.764,0.529,0.966,1.162,G,5
449,27-Nov-2019,FC Salzburg,GENK,SAL,g,1,4,1.05,3.774,1.942,2.938,0.976,2.513,E,5
450,27-Nov-2019,Napoli,LIV,NAP,g,1,1,1.05,1.05,0.863,0.427,2.289,0.369,E,5
451,27-Nov-2019,Borussia Dortmund,BAR,DOR,g,3,1,3.15,1.05,2.223,1.625,2.335,1.178,F,5
452,27-Nov-2019,Ajax,LLE,AJX,g,0,2,0,2.1,2.063,1.297,1.427,1.539,H,5
453,27-Nov-2019,Internazionale,SSP,INT,g,1,3,1.05,2.703,2.229,2.345,0.994,1.24,F,5
454,27-Nov-2019,Benfica,RBL,BEN,g,2,2,2.1,2.1,3.141,0.573,2.235,0.471,G,5
455,10-Dec-2019,Liverpool,SAL,LIV,g,0,2,0,2.1,0.685,3.902,1.291,2.733,E,6
456,10-Dec-2019,Genk,NAP,GENK,g,4,0,4.096,0,3.106,1.245,1.7,1.879,E,6
457,10-Dec-2019,Lille,CHE,LLE,g,2,1,2.1,1.05,2.871,0.352,2.181,0.609,H,6
458,10-Dec-2019,Valencia,AJX,VAL,g,0,1,0,1.05,1.272,0.979,2.361,0.724,H,6
459,10-Dec-2019,Barcelona,INT,BAR,g,1,2,1.05,2.1,2.048,1.663,2.212,1.421,F,6
460,10-Dec-2019,Slavia Prague,DOR,SSP,g,2,1,2.1,1.05,2.819,2.836,1.514,1.821,F,6
461,10-Dec-2019,Zenit St Petersburg,BEN,ZEN,g,3,0,2.544,0,2.668,0.159,1.539,0.377,G,6
462,10-Dec-2019,RB Leipzig,LYON,RBL,g,2,2,2.1,2.1,1.502,3.32,1.135,1.647,G,6
463,11-Dec-2019,Manchester City,DIN,MNC,g,1,4,1.05,3.854,0.37,3.32,0.363,2.399,C,6
464,11-Dec-2019,Atalanta,SHK,ATA,g,0,3,0,2.111,0.561,2.995,1.476,1.873,C,6
465,11-Dec-2019,Real Madrid,CBKV,MAD,g,1,3,1.05,2.625,1.085,1.386,1.244,1.719,A,6
466,11-Dec-2019,Lokomotiv Moscow,ATL,LOK,g,2,0,2.1,0,2.765,0.058,0.984,0.305,D,6
467,11-Dec-2019,Juventus,LEV,JUV,g,0,2,0,1.575,1.982,0.968,1.698,0.731,D,6
468,11-Dec-2019,Tottenham Hotspur,BMU,TOT,g,3,1,3.15,1.05,2.833,1.279,2.451,0.33,B,6
469,11-Dec-2019,Red Star Belgrade,OLY,RED,g,1,0,1.05,0,3.477,1.178,2.262,0.293,B,6
470,11-Dec-2019,Galatasaray,PSG,GAL,g,5,0,4.902,0,5.035,0.222,2.262,0.431,A,6
471,18-Feb-2020,Liverpool,ATL,LIV,k,1,0,1.05,0,0.916,0.562,0.563,1.413,,
472,18-Feb-2020,Paris Saint-Germain,DOR,PSG,k,2,1,2.1,1.05,1.615,1.268,0.973,1.14,,
473,19-Feb-2020,RB Leipzig,TOT,RBL,k,0,1,0,1.05,0.754,2.18,0.952,1.002,,
474,19-Feb-2020,Valencia,ATA,VAL,k,4,1,4.2,1.05,1.681,2.44,1.372,1.887,,
475,25-Feb-2020,Bayern Munich,CHE,BMU,k,0,3,0,3.15,1.083,2.992,0.812,2.332,,
476,25-Feb-2020,Barcelona,NAP,BAR,k,1,1,1.05,1.05,0.755,1.838,0.587,1.955,,
477,26-Feb-2020,Manchester City,MAD,MNC,k,1,2,1.05,2.1,1.439,3.212,1.135,1.375,,
478,26-Feb-2020,Juventus,LYON,JUV,k,1,0,1.05,0,0.951,1.188,0.643,1.813,,
479,10-Mar-2020,Atalanta,VAL,ATA,k,3,4,3.15,4.2,2.062,3.034,1.34,1.037,,
480,10-Mar-2020,Tottenham Hotspur,RBL,TOT,k,3,0,3.15,0,1.13,0.275,1.046,0.588,,
481,11-Mar-2020,Atletico Madrid,LIV,ATL,k,2,3,2.1,3.15,3.575,1.15,4.036,0.665,,
482,11-Mar-2020,Borussia Dortmund,PSG,DOR,k,2,0,2.1,0,1.173,0.4,0.797,1.67,,
483,7-Aug-2020,Real Madrid,MNC,MAD,k,2,1,2.1,1.05,1.973,0.74,2.157,1.262,,
484,7-Aug-2020,Lyon,JUV,LYON,k,2,1,2.1,1.05,2.727,1.035,1.531,0.532,,
485,8-Aug-2020,Napoli,BAR,NAP,k,3,1,3.15,1.05,1.225,2.275,1.573,1.469,,
486,8-Aug-2020,Chelsea,BMU,CHE,k,4,1,4.2,1.05,3.016,0.991,2.247,0.609,,
487,12-Aug-2020,Paris Saint-Germain,ATA,PSG,q,1,2,1.05,2.1,0.501,2.943,1.13,1.026,,
488,13-Aug-2020,Atletico Madrid,RBL,ATL,q,2,1,2.1,1.05,0.941,1.038,1.881,1.246,,
489,14-Aug-2020,Bayern Munich,BAR,BMU,q,2,8,2.1,7.235,1.203,5.611,1.008,3.671,,
490,15-Aug-2020,Lyon,MNC,LYON,q,1,3,1.05,2.719,3.061,0.894,1.287,0.413,,
491,18-Aug-2020,Paris Saint-Germain,RBL,PSG,s,0,3,0,3.15,1.416,3.653,2.306,1.743,,
492,19-Aug-2020,Bayern Munich,LYON,BMU,s,0,3,0,2.694,1.623,3.238,0.787,2.083,,
493,23-Aug-2020,Bayern Munich,PSG,BMU,f,0,1,0,1.05,1.41,1.551,1.048,1.313,,
494,20-Oct-2020,Juventus,KIEV,JUV,g,0,2,0,1.751,0.488,1.929,0.553,1.092,G,1
495,20-Oct-2020,Club Brugge,ZEN,CBKV,g,1,2,1.05,2.1,1.806,2.545,1.709,1.252,F,1
496,20-Oct-2020,Sevilla FC,CHE,SEV,g,0,0,0,0,0.432,0.24,0.83,0.83,E,1
497,20-Oct-2020,Borussia Dortmund,LAZ,DOR,g,3,1,3.01,1.05,1.707,1.955,0.943,1.741,F,1
498,20-Oct-2020,Ferencvaros,BAR,FERE,g,5,1,4.443,0.84,2.843,1.125,2.293,0.608,G,1
499,20-Oct-2020,Manchester United,PSG,MAN,g,1,2,1.05,2.1,1.482,1.4,1.626,1.153,H,1
500,20-Oct-2020,FC Krasnodar,REN,KRA,g,1,1,1.05,1.05,2.543,1.323,1.684,1.126,E,1
501,20-Oct-2020,Istanbul Basaksehir,RBL,IBB,g,2,0,2.1,0,1.122,0.948,1.7,0.635,H,1
502,21-Oct-2020,Lokomotiv Moscow,SAL,LOK,g,2,2,2.1,2.1,0.958,0.735,1.643,1.092,A,1
503,21-Oct-2020,Shakhtar Donetsk,MAD,SHK,g,2,3,2.1,3.15,1.111,1.477,2.127,0.492,B,1
504,21-Oct-2020,Atalanta,FCM,ATA,g,0,4,0,3.729,0.77,2.876,1.134,1.534,D,1
505,21-Oct-2020,FC Porto,MNC,POR,g,3,1,3.094,1.05,1.516,0.263,1.186,0.438,C,1
506,21-Oct-2020,Liverpool,AJX,LIV,g,0,1,0,1.05,1.305,1.227,1.808,1.724,D,1
507,21-Oct-2020,Borussia Monchengladbach,INT,MGB,g,2,2,2.1,2.1,3.014,1.319,2.07,0.298,B,1
508,21-Oct-2020,Atletico Madrid,BMU,ATL,g,4,0,4.17,0,2.626,0.383,1.723,1.041,A,1
509,21-Oct-2020,Marseille,OLY,MRS,g,1,0,1.05,0,1.033,1.191,1.163,0.938,C,1
510,27-Oct-2020,Internazionale,SHK,INT,g,0,0,0,0,0.099,1.978,0.089,2.651,B,2
511,27-Oct-2020,Bayern Munich,LOK,BMU,g,1,2,1.05,2.1,1.96,2.625,1.001,2.184,A,2
512,27-Oct-2020,FC Midtjylland,LIV,FCM,g,2,0,1.575,0,1.829,1.231,1.26,0.723,D,2
513,27-Oct-2020,Ajax,ATA,AJX,g,2,2,2.1,2.1,2.22,1.441,1.709,0.97,D,2
514,27-Oct-2020,FC Salzburg,ATL,SAL,g,3,2,3.15,2.1,2.472,1.204,2.264,1.34,A,2
515,27-Oct-2020,Real Madrid,MGB,MAD,g,2,2,2.1,2.1,1.352,2.77,0.938,2.441,B,2
516,27-Oct-2020,Olympiacos,POR,OLY,g,2,0,1.726,0,1.499,1.162,1.065,0.713,C,2
517,27-Oct-2020,Manchester City,MRS,MNC,g,0,3,0,2.72,0.062,1.918,0.193,1.944,C,2
518,28-Oct-2020,Paris Saint-Germain,IBB,PSG,g,0,2,0,1.883,0.991,3.143,2.542,2.009,H,2
519,28-Oct-2020,Chelsea,KRA,CHE,g,0,4,0,3.31,0.646,2.628,0.706,1.023,E,2
520,28-Oct-2020,Lazio,CBKV,LAZ,g,1,1,1.05,1.05,2.117,0.777,1.869,0.665,F,2
521,28-Oct-2020,RB Leipzig,MAN,RBL,g,5,0,4.023,0,2.547,0.454,1.448,0.97,H,2
522,28-Oct-2020,Barcelona,JUV,BAR,g,0,2,0,1.47,0.369,2.251,1.596,3.244,G,2
523,28-Oct-2020,Zenit St Petersburg,DOR,ZEN,g,2,0,1.575,0,1.783,0.166,1.781,0.46,F,2
524,28-Oct-2020,Dynamo Kiev,FERE,KIEV,g,2,2,1.89,2.1,1.052,1.667,0.995,0.832,G,2
525,28-Oct-2020,Stade Rennes,SEV,REN,g,1,0,1.05,0,2.452,0.096,2.093,0.12,E,2
526,3-Nov-2020,Borussia Monchengladbach,SHK,MGB,g,0,6,0,6.107,0.397,2.206,0.483,1.876,B,3
527,3-Nov-2020,Atletico Madrid,LOK,ATL,g,1,1,1.05,1.05,0.898,1.136,0.447,1.889,A,3
528,3-Nov-2020,Ajax,FCM,AJX,g,1,2,1.05,2.1,0.739,0.397,1.103,1.187,D,3
529,3-Nov-2020,Olympiacos,MNC,OLY,g,3,0,2.362,0,2.003,0.433,2.463,0.172,C,3
530,3-Nov-2020,Bayern Munich,SAL,BMU,g,2,6,2.1,5,1.796,3.017,1.373,2.325,A,3
531,3-Nov-2020,Liverpool,ATA,LIV,g,0,5,0,5.25,1.239,2.589,1.291,1.969,D,3
532,3-Nov-2020,Internazionale,MAD,INT,g,3,2,3.15,2.1,1.028,0.783,1.663,0.928,B,3
533,3-Nov-2020,Marseille,POR,MRS,g,3,0,3.15,0,2.107,0.988,0.853,0.443,C,3
534,4-Nov-2020,Manchester United,IBB,MAN,g,2,1,2.1,1.05,0.97,0.802,0.298,1.378,H,3
535,4-Nov-2020,Lazio,ZEN,LAZ,g,1,1,1.05,1.05,1.015,0.627,2.046,1.932,F,3
536,4-Nov-2020,Borussia Dortmund,CBKV,DOR,g,0,3,0,3.15,0.9,1.918,1.741,1.107,F,3
537,4-Nov-2020,Stade Rennes,CHE,REN,g,3,0,2.73,0,3.078,0.637,1.301,0.43,E,3
538,4-Nov-2020,Dynamo Kiev,BAR,KIEV,g,2,1,2.1,1.05,4.272,2.299,4.341,0.934,G,3
539,4-Nov-2020,Juventus,FERE,JUV,g,1,4,1.05,3.856,1.632,2.919,0.577,1.677,G,3
540,4-Nov-2020,Paris Saint-Germain,RBL,PSG,g,2,1,2.1,1.05,2.08,1.592,1.059,1.06,H,3
541,4-Nov-2020,FC Krasnodar,SEV,KRA,g,3,2,3.15,2.1,2.014,1.383,2.628,1.584,E,3
542,24-Nov-2020,Chelsea,REN,CHE,g,1,2,1.05,2.1,1.155,2.127,1.578,1.139,E,4
543,24-Nov-2020,Sevilla FC,KRA,SEV,g,1,2,1.05,2.1,1.072,1.397,2.278,1.966,E,4
544,24-Nov-2020,Istanbul Basaksehir,MAN,IBB,g,4,1,3.675,1.05,2.882,1.344,1.87,1.184,H,4
545,24-Nov-2020,Zenit St Petersburg,LAZ,ZEN,g,3,1,3.15,1.05,3.444,0.51,1.648,1.968,F,4
546,24-Nov-2020,Ferencvaros,JUV,FERE,g,2,1,2.1,1.05,0.946,0.36,2.488,0.503,G,4
547,24-Nov-2020,Club Brugge,DOR,CBKV,g,3,0,3.15,0,1.552,0.07,1.952,0.653,F,4
548,24-Nov-2020,Barcelona,KIEV,BAR,g,0,4,0,3.675,0.387,2.98,0.595,2.429,G,4
549,24-Nov-2020,RB Leipzig,PSG,RBL,g,1,0,1.05,0,1.204,0.958,1.011,2.693,H,4
550,25-Nov-2020,Shakhtar Donetsk,MGB,SHK,g,4,0,4.028,0,2.91,0.736,1.338,0.902,B,4
551,25-Nov-2020,Manchester City,OLY,MNC,g,0,1,0,1.05,0.061,2.616,0.06,3.915,C,4
552,25-Nov-2020,Atalanta,LIV,ATA,g,0,2,0,2.1,0.182,1.49,0.828,1.075,D,4
553,25-Nov-2020,FC Midtjylland,AJX,FCM,g,3,1,3.15,1.05,2.34,1.283,1.54,0.653,D,4
554,25-Nov-2020,Real Madrid,INT,MAD,g,0,2,0,1.89,0.226,2.334,0.88,1.948,B,4
555,25-Nov-2020,Lokomotiv Moscow,ATL,LOK,g,0,0,0,0,0.94,0.131,1.817,0.519,A,4
556,25-Nov-2020,FC Salzburg,BMU,SAL,g,3,1,3.15,0.84,1.572,3.133,1.403,1.652,A,4
557,25-Nov-2020,FC Porto,MRS,POR,g,0,2,0,2.064,1.239,2.112,1.089,0.647,C,4
558,1-Dec-2020,Real Madrid,SHK,MAD,g,2,0,1.789,0,1.437,1.347,0.485,1.314,B,5
559,1-Dec-2020,FC Salzburg,LOK,SAL,g,1,3,1.05,2.875,1.074,2.604,1.001,2.109,A,5
560,1-Dec-2020,Ajax,LIV,AJX,g,1,0,1.05,0,2.521,1.533,1.649,1.417,D,5
561,1-Dec-2020,FC Midtjylland,ATA,FCM,g,1,1,1.05,1.05,2.556,0.698,2.407,0.698,D,5
562,1-Dec-2020,Bayern Munich,ATL,BMU,g,1,1,1.05,1.05,1.505,1.038,1.467,0.643,A,5
563,1-Dec-2020,Internazionale,MGB,INT,g,2,3,2.1,3.096,1.258,1.773,0.936,2.106,B,5
564,1-Dec-2020,Manchester City,POR,MNC,g,0,0,0,0,0.065,2.55,0.415,1.968,C,5
565,1-Dec-2020,Olympiacos,MRS,OLY,g,2,1,2.1,1.05,2.044,0.329,0.822,1.355,C,5
566,2-Dec-2020,RB Leipzig,IBB,RBL,g,3,4,3.15,4.2,1.202,2.238,0.635,2.333,H,5
567,2-Dec-2020,Stade Rennes,KRA,REN,g,1,0,1.05,0,1.622,0.739,1.262,1.121,E,5
568,2-Dec-2020,Zenit St Petersburg,CBKV,ZEN,g,3,0,3.074,0,1.939,0.196,1.755,0.592,F,5
569,2-Dec-2020,Paris Saint-Germain,MAN,PSG,g,1,3,1.05,2.52,1.266,2.659,1.607,1.635,H,5
570,2-Dec-2020,Dynamo Kiev,JUV,KIEV,g,3,0,3.15,0,2.899,0.632,1.985,0.799,G,5
571,2-Dec-2020,Lazio,DOR,LAZ,g,1,1,1.05,1.05,1.4,1.616,1.178,1.632,F,5
572,2-Dec-2020,Barcelona,FERE,BAR,g,0,3,0,3.15,0.958,3.59,0.839,2.807,G,5
573,2-Dec-2020,Chelsea,SEV,CHE,g,0,4,0,3.772,1.281,2.441,0.915,1.075,E,5
574,8-Dec-2020,Club Brugge,LAZ,CBKV,g,2,2,2.1,2.1,3.021,1.158,1.39,0.889,F,6
575,8-Dec-2020,Borussia Dortmund,ZEN,DOR,g,1,2,1.05,2.1,1.225,1.458,1.509,2.042,F,6
576,8-Dec-2020,FC Krasnodar,CHE,KRA,g,1,1,1.05,1.05,2.55,0.435,1.903,1.137,E,6
577,8-Dec-2020,Juventus,BAR,JUV,g,0,3,0,3.15,1.286,2.286,2.898,1.303,G,6
578,8-Dec-2020,Ferencvaros,KIEV,FERE,g,1,0,1.05,0,0.588,0.643,0.62,0.772,G,6
579,8-Dec-2020,Istanbul Basaksehir,PSG,IBB,g,5,1,5.25,1.05,3.24,0.732,2.283,0.595,H,6
580,8-Dec-2020,Sevilla FC,REN,SEV,g,1,3,1.05,2.866,2.316,1.116,1.59,0.889,E,6
581,8-Dec-2020,Manchester United,RBL,MAN,g,3,2,3.15,2.1,1.591,2.1,0.561,1.636,H,6
582,9-Dec-2020,Liverpool,FCM,LIV,g,1,1,1.05,1.05,2.388,1.361,2.099,1.148,D,6
583,9-Dec-2020,Atalanta,AJX,ATA,g,0,1,0,0.84,0.727,0.979,0.685,1.071,D,6
584,9-Dec-2020,Marseille,MNC,MRS,g,3,0,2.464,0,3.019,0.591,2.191,0.873,C,6
585,9-Dec-2020,Atletico Madrid,SAL,ATL,g,0,2,0,1.7,1.342,0.79,1.979,1.074,A,6
586,9-Dec-2020,Shakhtar Donetsk,INT,SHK,g,0,0,0,0,1.684,0.393,2.648,0.531,B,6
587,9-Dec-2020,Borussia Monchengladbach,MAD,MGB,g,2,0,2.1,0,2.918,0.736,2.597,0.672,B,6
588,9-Dec-2020,Lokomotiv Moscow,BMU,LOK,g,2,0,1.846,0,1.492,0.346,2.794,0.29,A,6
589,9-Dec-2020,FC Porto,OLY,POR,g,0,2,0,1.936,0.713,0.978,0.846,0.519,C,6
590,16-Feb-2021,Paris Saint-Germain,BAR,PSG,k,1,4,1.05,4.2,1.661,3.667,1.567,1.837,,
591,16-Feb-2021,Liverpool,RBL,LIV,k,0,2,0,2.1,1.192,1.796,1.567,0.801,,
592,17-Feb-2021,Juventus,POR,JUV,k,2,1,2.1,1.05,1.26,0.851,0.487,2.115,,
593,17-Feb-2021,Borussia Dortmund,SEV,DOR,k,2,3,2.1,3.15,1.083,1.336,0.771,1.006,,
594,23-Feb-2021,Bayern Munich,LAZ,BMU,k,1,4,1.05,4.2,0.973,2.225,1.115,1.804,,
595,23-Feb-2021,Chelsea,ATL,CHE,k,0,1,0,1.05,0.782,1.127,0.719,1.139,,
596,24-Feb-2021,Real Madrid,ATA,MAD,k,0,1,0,0.84,0.188,1.375,0.663,2.01,,
597,24-Feb-2021,Manchester City,MGB,MNC,k,0,2,0,2.1,0.441,1.638,0.104,1.791,,
598,9-Mar-2021,FC Porto,JUV,POR,k,3,2,2.73,2.1,3.272,1.807,4.044,0.81,,
599,9-Mar-2021,Sevilla FC,DOR,SEV,k,2,2,2.1,2.1,2.093,2.066,1.051,2.132,,
600,10-Mar-2021,RB Leipzig,LIV,RBL,k,2,0,2.1,0,3.035,0.972,0.862,1.376,,
601,10-Mar-2021,Barcelona,PSG,BAR,k,1,1,1.05,1.05,1.646,2.702,0.799,4.624,,
602,16-Mar-2021,Borussia Monchengladbach,MNC,MGB,k,2,0,2.1,0,1.445,0.258,1.255,0.351,,
603,16-Mar-2021,Atalanta,MAD,ATA,k,3,1,3.15,1.05,2.812,1.437,1.472,1.533,,
604,17-Mar-2021,Atletico Madrid,CHE,ATL,k,2,0,1.89,0,1.946,0.634,1.674,0.95,,
605,17-Mar-2021,Lazio,BMU,LAZ,k,2,1,2.1,1.05,1.775,1.038,1.283,0.795,,
606,6-Apr-2021,Borussia Dortmund,MNC,DOR,q,2,1,2.1,1.05,2.32,1.125,1.402,0.885,,
607,6-Apr-2021,Liverpool,MAD,LIV,q,3,1,3.15,1.05,1.991,0.913,1.026,1.085,,
608,7-Apr-2021,Paris Saint-Germain,BMU,PSG,q,2,3,2.1,3.15,4.237,1.928,4.957,0.255,,
609,7-Apr-2021,Chelsea,POR,CHE,q,0,2,0,2.1,1.675,1.659,1.802,0.602,,
610,13-Apr-2021,FC Porto,CHE,POR,q,0,1,0,1.05,1.1,0.643,0.646,1.307,,
611,13-Apr-2021,Bayern Munich,PSG,BMU,q,0,1,0,1.05,1.982,1.491,1.442,2.715,,
612,14-Apr-2021,Real Madrid,LIV,MAD,q,0,0,0,0,1.347,0.813,3.357,0.916,,
613,14-Apr-2021,Manchester City,DOR,MNC,q,1,2,1.05,2.1,0.6,2.983,1.033,1.563,,
614,27-Apr-2021,Chelsea,MAD,CHE,s,1,1,1.05,1.05,0.701,1.524,1.446,1.398,,
615,28-Apr-2021,Manchester City,PSG,MNC,s,1,2,1.05,2.1,1.761,1.005,1.78,1.073,,
616,4-May-2021,Paris Saint-Germain,MNC,PSG,s,2,0,2.1,0,1.653,0.9,1.31,1.353,,
617,5-May-2021,Real Madrid,CHE,MAD,s,2,0,2.1,0,3.647,0.453,1.687,0.61,,
618,29-May-2021,Chelsea,MNC,CHE,f,0,1,0,1.05,0.515,1.381,1.122,1.435,,
619,14-Sep-2021,Manchester United,BSCY,MAN,g,2,1,1.68,1.05,1.459,0.638,1.291,0.587,F,1
620,14-Sep-2021,FC Salzburg,SEV,SAL,g,1,1,1.05,1.05,1.47,2.79,1.163,0.986,G,1
621,14-Sep-2021,Zenit St Petersburg,CHE,ZEN,g,1,0,1.05,0,0.817,0.771,2.319,0.649,H,1
622,14-Sep-2021,Bayern Munich,BAR,BMU,g,0,3,0,2.772,0.231,2.564,0.407,2.342,E,1
623,14-Sep-2021,Atalanta,VLR,ATA,g,2,2,2.1,2.1,2.656,1.034,1.199,1.083,F,1
624,14-Sep-2021,Juventus,MAL,JUV,g,0,3,0,3.15,0.459,2.912,0.871,1.702,H,1
625,14-Sep-2021,Benfica,KIEV,BEN,g,0,0,0,0,0.585,1.215,0.355,1.11,E,1
626,14-Sep-2021,VfL Wolfsburg,LLE,WLF,g,0,0,0,0,1.365,0.065,1.826,0.389,G,1
627,15-Sep-2021,Borussia Dortmund,BES,DOR,g,1,2,1.05,2.1,1.137,3.274,2.051,3.422,C,1
628,15-Sep-2021,Shakhtar Donetsk,FST,SHK,g,2,0,2.1,0,1.108,0.866,1.081,2.407,D,1
629,15-Sep-2021,Paris Saint-Germain,CBKV,PSG,g,1,1,1.05,1.05,1.351,1.863,1.101,1.805,A,1
630,15-Sep-2021,AC Milan,LIV,MIL,g,3,2,3.15,2.1,2.933,1.545,2.466,0.902,B,1
631,15-Sep-2021,RB Leipzig,MNC,RBL,g,6,3,5.671,3.15,2.636,0.927,1.254,1.225,A,1
632,15-Sep-2021,Real Madrid,INT,MAD,g,0,1,0,1.05,2.24,1.003,1.63,2.331,D,1
633,15-Sep-2021,FC Porto,ATL,POR,g,0,0,0,0,0.372,1.743,0.843,0.634,B,1
634,15-Sep-2021,Ajax,SCP,AJX,g,1,5,1.05,5.25,0.641,2.73,0.745,1.244,C,1
635,28-Sep-2021,Besiktas,AJX,BES,g,2,0,2.1,0,3.303,0.538,3.15,0.684,C,2
636,28-Sep-2021,Internazionale,SHK,INT,g,0,0,0,0,1.159,0.957,0.823,1.091,D,2
637,28-Sep-2021,Atletico Madrid,MIL,ATL,g,1,2,1.05,1.68,0.657,2.409,0.441,2.963,B,2
638,28-Sep-2021,FC Sheriff Tiraspol,MAD,FST,g,1,2,1.05,2.1,3.11,0.308,3.575,0.474,D,2
639,28-Sep-2021,Sporting CP,DOR,SCP,g,1,0,1.05,0,0.396,0.379,0.633,0.814,C,2
640,28-Sep-2021,Liverpool,POR,LIV,g,1,5,1.05,4.809,1.026,4.11,1.038,1.527,B,2
641,28-Sep-2021,Manchester City,PSG,MNC,g,2,0,2.009,0,0.576,2.838,0.941,2.357,A,2
642,28-Sep-2021,Club Brugge,RBL,CBKV,g,1,2,1.05,2.1,1.23,1.422,2.135,1.118,A,2
643,29-Sep-2021,Young Boys,ATA,BSCY,g,1,0,1.05,0,2.171,0.09,2.769,0.565,F,2
644,29-Sep-2021,Malmo FF,ZEN,MAL,g,4,0,3.155,0,2.742,0.452,3.51,0.557,H,2
645,29-Sep-2021,Villarreal,MAN,VLR,g,2,1,2.1,1.05,1.266,2.75,2.257,0.972,F,2
646,29-Sep-2021,Lille,SAL,LLE,g,2,1,2.1,1.05,2.253,0.449,0.781,0.88,G,2
647,29-Sep-2021,Chelsea,JUV,CHE,g,1,0,1.05,0,0.815,1.522,0.586,2.679,H,2
648,29-Sep-2021,Sevilla FC,WLF,SEV,g,1,1,1.05,0.84,1.272,1.099,0.965,1.021,G,2
649,29-Sep-2021,Dynamo Kiev,BMU,KIEV,g,5,0,4.725,0,2.518,0.32,3.547,0.885,E,2
650,29-Sep-2021,Barcelona,BEN,BAR,g,3,0,2.928,0,1.945,1.483,1.181,1.319,E,2
651,19-Oct-2021,Manchester City,CBKV,MNC,g,1,5,1.05,4.903,0.679,4.858,0.721,2.707,A,3
652,19-Oct-2021,Sporting CP,BES,SCP,g,1,4,1.05,3.706,0.826,4.598,1.113,1.638,C,3
653,19-Oct-2021,Borussia Dortmund,AJX,DOR,g,4,0,4.165,0,2.029,1.191,2.938,1.017,C,3
654,19-Oct-2021,FC Sheriff Tiraspol,INT,FST,g,3,1,3.15,1.05,2.361,0.436,3.792,0.95,D,3
655,19-Oct-2021,Liverpool,ATL,LIV,g,2,3,2.1,2.94,2.101,1.256,0.916,1.521,B,3
656,19-Oct-2021,Real Madrid,SHK,MAD,g,0,5,0,4.725,0.453,2.199,0.823,2.733,D,3
657,19-Oct-2021,AC Milan,POR,MIL,g,1,0,1.05,0,1.46,0.139,1.964,0.603,B,3
658,19-Oct-2021,RB Leipzig,PSG,RBL,g,3,2,3.15,2.1,3.727,2.095,1.45,2.245,A,3
659,20-Oct-2021,VfL Wolfsburg,SAL,WLF,g,3,1,2.971,1.05,2.563,0.876,1.589,0.786,G,3
660,20-Oct-2021,Dynamo Kiev,BAR,KIEV,g,1,0,1.05,0,2.341,0.112,2.374,0.418,E,3
661,20-Oct-2021,Malmo FF,CHE,MAL,g,4,0,4.2,0,2.533,0.072,2.749,0.133,H,3
662,20-Oct-2021,Atalanta,MAN,ATA,g,3,2,3.15,2.1,3.045,1.594,1.914,0.947,F,3
663,20-Oct-2021,Villarreal,BSCY,VLR,g,1,4,1.05,3.206,2,3.005,1.14,1.071,F,3
664,20-Oct-2021,Bayern Munich,BEN,BMU,g,0,4,0,3.295,0.748,3.187,1.124,2.115,E,3
665,20-Oct-2021,Juventus,ZEN,JUV,g,0,1,0,1.05,0.597,1.027,0.678,1.942,H,3
666,20-Oct-2021,Sevilla FC,LLE,SEV,g,0,0,0,0,0.81,0.827,0.592,0.864,G,3
667,2-Nov-2021,FC Salzburg,WLF,SAL,g,2,1,2.1,1.05,1.694,1.533,1.087,0.865,G,4
668,2-Nov-2021,Chelsea,MAL,CHE,g,0,1,0,1.05,0.233,2.484,0.21,2.999,H,4
669,2-Nov-2021,Manchester United,ATA,MAN,g,2,2,2.1,2.1,1.56,1.141,0.688,1.8,F,4
670,2-Nov-2021,Zenit St Petersburg,JUV,ZEN,g,4,2,3.818,2.1,2.807,1.436,2.245,1.355,H,4
671,2-Nov-2021,Young Boys,VLR,BSCY,g,2,0,1.619,0,2.514,1.092,1.549,1.302,F,4
672,2-Nov-2021,Benfica,BMU,BEN,g,5,2,4.89,2.1,4.77,0.894,3.745,0.614,E,4
673,2-Nov-2021,Barcelona,KIEV,BAR,g,0,1,0,1.05,1.087,0.813,0.81,1.62,E,4
674,2-Nov-2021,Lille,SEV,LLE,g,1,2,1.05,2.1,0.979,2.082,1.023,1.033,G,4
675,3-Nov-2021,FC Porto,MIL,POR,g,1,1,1.05,1.05,0.765,1.94,1.189,1.788,B,4
676,3-Nov-2021,Shakhtar Donetsk,MAD,SHK,g,2,1,2.1,1.05,1.815,1.141,3.101,1.505,D,4
677,3-Nov-2021,Atletico Madrid,LIV,ATL,g,2,0,2.1,0,3.072,0.242,1.765,0.489,B,4
678,3-Nov-2021,Club Brugge,MNC,CBKV,g,4,1,3.64,1.05,4.318,0.681,3.974,0.432,A,4
679,3-Nov-2021,Ajax,DOR,AJX,g,1,3,1.05,2.1,1.694,1.873,0.937,2.162,C,4
680,3-Nov-2021,Besiktas,SCP,BES,g,4,0,4.2,0,2.769,1.237,1.21,0.627,C,4
681,3-Nov-2021,Internazionale,FST,INT,g,1,3,1.05,2.842,0.288,2.963,0.437,3.19,D,4
682,3-Nov-2021,Paris Saint-Germain,RBL,PSG,g,2,2,2.1,2.1,3.197,2.749,2.068,0.939,A,4
683,23-Nov-2021,Manchester United,VLR,MAN,g,0,2,0,1.596,0.638,1.291,1.081,0.745,F,5
684,23-Nov-2021,Bayern Munich,KIEV,BMU,g,1,2,1.05,2.1,1.121,1.148,1.118,2.453,E,5
685,23-Nov-2021,Juventus,CHE,JUV,g,4,0,3.675,0,3.024,0.762,2.033,0.714,H,5
686,23-Nov-2021,Benfica,BAR,BEN,g,0,0,0,0,1.241,0.606,1.449,0.575,E,5
687,23-Nov-2021,Zenit St Petersburg,MAL,ZEN,g,1,1,1.05,1.05,0.236,1.857,0.452,1.508,H,5
688,23-Nov-2021,Atalanta,BSCY,ATA,g,3,3,3.15,3.15,0.777,0.958,1.052,1.459,F,5
689,23-Nov-2021,FC Salzburg,LLE,SAL,g,1,0,1.05,0,0.846,0.483,1.065,0.791,G,5
690,23-Nov-2021,VfL Wolfsburg,SEV,WLF,g,2,0,1.575,0,1.53,0.289,1.707,0.762,G,5
691,24-Nov-2021,Shakhtar Donetsk,INT,SHK,g,2,0,2.1,0,2.479,0.49,2.064,0.775,D,5
692,24-Nov-2021,Ajax,BES,AJX,g,1,2,1.05,2.1,1.785,2.56,0.842,3.162,C,5
693,24-Nov-2021,RB Leipzig,CBKV,RBL,g,0,5,0,4.725,0.891,3.942,1.183,2.579,A,5
694,24-Nov-2021,FC Porto,LIV,POR,g,2,0,2.1,0,0.756,1.145,1.6,1.213,B,5
695,24-Nov-2021,Paris Saint-Germain,MNC,PSG,g,2,1,2.1,1.05,1.797,1.288,2.055,0.721,A,5
696,24-Nov-2021,AC Milan,ATL,MIL,g,0,1,0,1.05,0.95,1.354,0.809,1.429,B,5
697,24-Nov-2021,Borussia Dortmund,SCP,DOR,g,3,1,2.715,1.05,2.004,1.752,0.918,2.071,C,5
698,24-Nov-2021,Real Madrid,FST,MAD,g,0,3,0,3.15,1.241,1.414,0.69,3.268,D,5
699,7-Dec-2021,Club Brugge,PSG,CBKV,g,4,1,4.053,1.05,4.007,1.073,1.941,1.409,A,6
700,7-Dec-2021,Manchester City,RBL,MNC,g,2,1,2.086,1.05,1.398,1.535,1.18,1.973,A,6
701,7-Dec-2021,Sporting CP,AJX,SCP,g,4,2,4.2,2.1,2.176,1.067,1.637,0.742,C,6
702,7-Dec-2021,Liverpool,MIL,LIV,g,1,2,1.05,2.1,1.203,1.651,1.22,1.025,B,6
703,7-Dec-2021,Internazionale,MAD,INT,g,2,0,1.705,0,0.975,0.965,1.472,1.998,D,6
704,7-Dec-2021,Besiktas,DOR,BES,g,5,0,4.2,0,3.731,0.029,3.995,0.377,C,6
705,7-Dec-2021,FC Sheriff Tiraspol,SHK,FST,g,1,1,1.05,1.05,1.758,1.058,2.293,1.198,D,6
706,7-Dec-2021,Atletico Madrid,POR,ATL,g,1,3,1.05,2.121,1.594,3.898,1.111,0.47,B,6
707,8-Dec-2021,Malmo FF,JUV,MAL,g,1,0,1.05,0,2.165,0.199,1.528,0.441,H,6
708,8-Dec-2021,Chelsea,ZEN,CHE,g,3,3,3.15,3.15,2.14,2.384,1.671,2.545,H,6
709,8-Dec-2021,Young Boys,MAN,BSCY,g,1,1,1.05,1.05,1.157,1.391,0.649,1.88,F,6
710,8-Dec-2021,Sevilla FC,SAL,SEV,g,1,0,1.05,0,0.721,0.983,0.462,0.523,G,6
711,8-Dec-2021,Lille,WLF,LLE,g,1,3,1.05,2.934,0.651,2.386,1.124,0.674,G,6
712,8-Dec-2021,Barcelona,BMU,BAR,g,3,0,3.15,0,2.275,0.437,1.71,0.968,E,6
713,8-Dec-2021,Dynamo Kiev,BEN,KIEV,g,2,0,2.1,0,1.215,0.935,0.966,1.709,E,6
714,9-Dec-2021,Villarreal,ATA,VLR,g,2,3,2.1,3.15,1.92,1.823,2.238,0.793,F,6
715,15-Feb-2022,Manchester City,SCP,MNC,k,0,5,0,5.25,0.143,2.358,0.502,1.27,,
716,15-Feb-2022,Real Madrid,PSG,MAD,k,1,0,1.05,0,2.025,0.168,1.934,0.381,,
717,16-Feb-2022,Bayern Munich,SAL,BMU,k,1,1,1.05,1.05,1.041,2.49,0.743,3.178,,
718,16-Feb-2022,Liverpool,INT,LIV,k,0,2,0,2.1,0.486,1.578,1.444,1.299,,
719,22-Feb-2022,Lille,CHE,LLE,k,2,0,2.1,0,1.553,0.689,1.311,0.796,,
720,22-Feb-2022,Juventus,VLR,JUV,k,1,1,1.05,1.05,1.136,0.451,1.184,0.916,,
721,23-Feb-2022,Manchester United,ATL,MAN,k,1,1,1.05,1.05,1.632,0.451,0.806,0.483,,
722,23-Feb-2022,Ajax,BEN,AJX,k,2,2,2.1,2.1,1.736,1.967,1.174,1.03,,
723,8-Mar-2022,Internazionale,LIV,INT,k,0,1,0,1.05,1.982,0.39,2.154,0.535,,
724,8-Mar-2022,FC Salzburg,BMU,SAL,k,7,1,7.35,1.05,3.517,0.627,2.766,0.522,,
725,9-Mar-2022,Sporting CP,MNC,SCP,k,0,0,0,0,1.7,0.599,2.124,0.195,,
726,9-Mar-2022,Paris Saint-Germain,MAD,PSG,k,3,1,3.15,1.05,2.118,1.93,2.401,1.121,,
727,15-Mar-2022,Atletico Madrid,MAN,ATL,k,0,1,0,1.05,1.01,0.638,1.239,0.556,,
728,15-Mar-2022,Benfica,AJX,BEN,k,0,1,0,1.05,1.036,0.592,3.153,0.836,,
729,16-Mar-2022,Villarreal,JUV,VLR,k,0,3,0,3.15,1.475,2.392,1.287,0.878,,
730,16-Mar-2022,Chelsea,LLE,CHE,k,1,2,1.05,2.1,1.369,1.105,0.847,0.508,,
731,5-Apr-2022,Atletico Madrid,MNC,ATL,q,1,0,1.05,0,1.199,0,1.445,0.289,,
732,5-Apr-2022,Liverpool,BEN,LIV,q,1,3,1.05,3.15,0.945,3.796,0.626,2.271,,
733,6-Apr-2022,Real Madrid,CHE,MAD,q,1,3,1.05,3.15,1.616,0.952,1.525,0.502,,
734,6-Apr-2022,Bayern Munich,VLR,BMU,q,1,0,1.05,0,1.617,1.284,1.469,2.301,,
735,12-Apr-2022,Chelsea,MAD,CHE,q,2,3,2.1,3.15,1.212,2.842,1.286,2.857,,
736,12-Apr-2022,Villarreal,BMU,VLR,q,1,1,1.05,1.05,1.464,0.732,2.783,0.561,,
737,13-Apr-2022,Benfica,LIV,BEN,q,3,3,3.15,3.15,2.307,0.944,3.088,0.555,,
738,13-Apr-2022,Manchester City,ATL,MNC,q,0,0,0,0,0.807,0.974,1.006,1.187,,
739,26-Apr-2022,Real Madrid,MNC,MAD,s,4,3,4.2,3.15,3.307,1.62,1.739,0.98,,
740,27-Apr-2022,Villarreal,LIV,VLR,s,2,0,2.1,0,1.843,0.09,2.481,0.186,,
741,3-May-2022,Liverpool,VLR,LIV,s,2,3,2.1,3.15,1.478,1.587,0.86,1.607,,
742,4-May-2022,Manchester City,MAD,MNC,s,3,1,3.15,1.05,2.602,1.731,2.397,1.841,,
743,28-May-2022,Real Madrid,LIV,MAD,f,0,1,0,1.05,2.124,0.74,2.804,0.506,,
